Compound_Score,Neg_Score,Neu_Score,Pos_Score,Timestamp,Tweet_Text,Tweets_Ago,User
0.0,0.0,1.0,0.0,Sun Jun 24 19:17:37 +0000 2018,Trump calls for deportations without judicial process https://t.co/Nl5nkeES6S,0,BBCWorld
-0.3612,0.333,0.667,0.0,Sun Jun 24 18:55:57 +0000 2018,Europe migrants: Italy warns Schengen is 'at risk' https://t.co/RCO71FM9fr,1,BBCWorld
-0.6705,0.36,0.64,0.0,Sun Jun 24 17:44:07 +0000 2018,Mali Fula villagers were killed 'in cold blood' https://t.co/AfcHoefUVO,2,BBCWorld
0.4588,0.0,0.769,0.231,Sun Jun 24 17:02:54 +0000 2018,Event in Dublin for 60 years of UN peacekeeping missions https://t.co/6w3nloDc5Q,3,BBCWorld
-0.7906,0.467,0.533,0.0,Sun Jun 24 16:48:00 +0000 2018,A juvenile male has been arrested over Tallaght Park death https://t.co/qLTGyf7inE,4,BBCWorld
-0.3802,0.126,0.874,0.0,Sun Jun 24 16:43:57 +0000 2018,"RT @bbctennis: He‚Äôs done it!

Cilic defeats Djokovic 5-7, 7-6, 6-3.

Watch on @BBCTwo or hereüëá
https://t.co/jUcUW6L31r
#bbctennis #QueensTe‚Ä¶",5,BBCWorld
0.0,0.0,1.0,0.0,Sun Jun 24 15:54:59 +0000 2018,Erdogan leads after early results in Turkey https://t.co/3ywfCK7u0H,6,BBCWorld
0.0,0.0,1.0,0.0,Sun Jun 24 15:22:40 +0000 2018,"Lava from Hawaii's Kilauea volcano creeps closer to more homes üåã

https://t.co/DX4aFQwOaH https://t.co/HRp05YBuHy",7,BBCWorld
0.4574,0.0,0.834,0.166,Sun Jun 24 13:53:17 +0000 2018,"RT @BBCSport: FT #ENG 6-1 #PAN 

Kane ‚öΩ‚öΩ‚öΩ
Stones ‚öΩ‚öΩ
Lingard ‚öΩ

Qualification secured! ‚úÖ

üì∫ @BBCOne 
üìª @5liveSport 
üì± https://t.co/ByebdqU7Y‚Ä¶",8,BBCWorld
0.0,0.0,1.0,0.0,Sun Jun 24 13:38:10 +0000 2018,"RT @BBCSport: GOAL! #ENG 6-1 #PAN 

Comeback on?

Baloy gets on the end of a free-kick. The Panama fans go wild!

üì∫ @BBCOne 
üìª @5liveSport‚Ä¶",9,BBCWorld
0.0,0.0,1.0,0.0,Sun Jun 24 13:36:20 +0000 2018,"RT @bbcf1: Moment of history for Saudi Arabia's women at today's  #FrenchGP 

Aseel Al-Hamad will drive a Lotus Renault E20 on a lap of the‚Ä¶",10,BBCWorld
0.0,0.0,1.0,0.0,Sun Jun 24 13:21:38 +0000 2018,"RT @BBCSport: GOAL! #ENG 6-0 #PAN 

Hat-trick for Harry Kane!

He's the leading #WorldCup goalscorer now on five goals!

üì∫ @BBCOne 
üìª @5liv‚Ä¶",11,BBCWorld
0.0,0.0,1.0,0.0,Sun Jun 24 12:45:55 +0000 2018,"RT @BBCSport: GOAL! #ENG 5-0 #PAN 

It's coming home.

üì∫ @BBCOne 
üìª @5liveSport 
üì± https://t.co/ByebdqU7Yx

#WorldCup #ENGPAN #bbcworldcup‚Ä¶",12,BBCWorld
0.3578,0.0,0.873,0.127,Sun Jun 24 12:42:22 +0000 2018,"RT @BBCSport: GOAL! #ENG 4-0 #PAN 

Okay.

John Stones grabs his second - England are cruising!

üì∫ @BBCOne 
üìª @5liveSport 
üì± https://t.co/B‚Ä¶",13,BBCWorld
0.7762,0.0,0.727,0.273,Sun Jun 24 12:36:38 +0000 2018,"RT @BBCSport: GOAL! #ENG 3-0 #PAN 

Jesse Lingard!!

He curls a beauty into the top corner. Dreamland for England!

üì∫ @BBCOne 
üìª @5liveSpor‚Ä¶",14,BBCWorld
0.0,0.0,1.0,0.0,Sun Jun 24 12:23:45 +0000 2018,"RT @BBCSport: GOAL! #ENG 2-0 #PAN 

Harry Kane converts from the spot - his third goal of the #WorldCup 

üì∫ @BBCOne 
üìª @5liveSport 
üì± https‚Ä¶",15,BBCWorld
-0.8126,0.552,0.448,0.0,Sun Jun 24 12:17:52 +0000 2018,Ukraine Roma camp attack leaves one dead https://t.co/PlwCBL9CYV,16,BBCWorld
0.0,0.0,1.0,0.0,Sun Jun 24 12:09:06 +0000 2018,"RT @BBCSport: GOAL! #ENG 1-0 #PAN 

What a start! 

John Stones with a bullet header from a corner.

üì∫ @BBCOne 
üìª @5liveSport 
üì± https://t.‚Ä¶",17,BBCWorld
0.0,0.0,1.0,0.0,Sun Jun 24 12:00:45 +0000 2018,"RT @BBCSport: #ENG v #PAN is under way!

üì∫ @BBCOne 
üìª @5liveSport 
üì± https://t.co/ByebdqU7Yx

#WorldCup #ENGPAN #bbcworldcup https://t.co/r‚Ä¶",18,BBCWorld
0.0,0.0,1.0,0.0,Sun Jun 24 10:32:17 +0000 2018,Zimbabwe election to 'to go ahead as planned' after blast https://t.co/bSUek02iOJ,19,BBCWorld
0.0,0.0,1.0,0.0,Sun Jun 24 19:17:37 +0000 2018,Trump calls for deportations without judicial process https://t.co/Nl5nkeES6S,20,BBCWorld
-0.3612,0.333,0.667,0.0,Sun Jun 24 18:55:57 +0000 2018,Europe migrants: Italy warns Schengen is 'at risk' https://t.co/RCO71FM9fr,21,BBCWorld
-0.6705,0.36,0.64,0.0,Sun Jun 24 17:44:07 +0000 2018,Mali Fula villagers were killed 'in cold blood' https://t.co/AfcHoefUVO,22,BBCWorld
0.4588,0.0,0.769,0.231,Sun Jun 24 17:02:54 +0000 2018,Event in Dublin for 60 years of UN peacekeeping missions https://t.co/6w3nloDc5Q,23,BBCWorld
-0.7906,0.467,0.533,0.0,Sun Jun 24 16:48:00 +0000 2018,A juvenile male has been arrested over Tallaght Park death https://t.co/qLTGyf7inE,24,BBCWorld
-0.3802,0.126,0.874,0.0,Sun Jun 24 16:43:57 +0000 2018,"RT @bbctennis: He‚Äôs done it!

Cilic defeats Djokovic 5-7, 7-6, 6-3.

Watch on @BBCTwo or hereüëá
https://t.co/jUcUW6L31r
#bbctennis #QueensTe‚Ä¶",25,BBCWorld
0.0,0.0,1.0,0.0,Sun Jun 24 15:54:59 +0000 2018,Erdogan leads after early results in Turkey https://t.co/3ywfCK7u0H,26,BBCWorld
0.0,0.0,1.0,0.0,Sun Jun 24 15:22:40 +0000 2018,"Lava from Hawaii's Kilauea volcano creeps closer to more homes üåã

https://t.co/DX4aFQwOaH https://t.co/HRp05YBuHy",27,BBCWorld
0.4574,0.0,0.834,0.166,Sun Jun 24 13:53:17 +0000 2018,"RT @BBCSport: FT #ENG 6-1 #PAN 

Kane ‚öΩ‚öΩ‚öΩ
Stones ‚öΩ‚öΩ
Lingard ‚öΩ

Qualification secured! ‚úÖ

üì∫ @BBCOne 
üìª @5liveSport 
üì± https://t.co/ByebdqU7Y‚Ä¶",28,BBCWorld
0.0,0.0,1.0,0.0,Sun Jun 24 13:38:10 +0000 2018,"RT @BBCSport: GOAL! #ENG 6-1 #PAN 

Comeback on?

Baloy gets on the end of a free-kick. The Panama fans go wild!

üì∫ @BBCOne 
üìª @5liveSport‚Ä¶",29,BBCWorld
0.0,0.0,1.0,0.0,Sun Jun 24 13:36:20 +0000 2018,"RT @bbcf1: Moment of history for Saudi Arabia's women at today's  #FrenchGP 

Aseel Al-Hamad will drive a Lotus Renault E20 on a lap of the‚Ä¶",30,BBCWorld
0.0,0.0,1.0,0.0,Sun Jun 24 13:21:38 +0000 2018,"RT @BBCSport: GOAL! #ENG 6-0 #PAN 

Hat-trick for Harry Kane!

He's the leading #WorldCup goalscorer now on five goals!

üì∫ @BBCOne 
üìª @5liv‚Ä¶",31,BBCWorld
0.0,0.0,1.0,0.0,Sun Jun 24 12:45:55 +0000 2018,"RT @BBCSport: GOAL! #ENG 5-0 #PAN 

It's coming home.

üì∫ @BBCOne 
üìª @5liveSport 
üì± https://t.co/ByebdqU7Yx

#WorldCup #ENGPAN #bbcworldcup‚Ä¶",32,BBCWorld
0.3578,0.0,0.873,0.127,Sun Jun 24 12:42:22 +0000 2018,"RT @BBCSport: GOAL! #ENG 4-0 #PAN 

Okay.

John Stones grabs his second - England are cruising!

üì∫ @BBCOne 
üìª @5liveSport 
üì± https://t.co/B‚Ä¶",33,BBCWorld
0.7762,0.0,0.727,0.273,Sun Jun 24 12:36:38 +0000 2018,"RT @BBCSport: GOAL! #ENG 3-0 #PAN 

Jesse Lingard!!

He curls a beauty into the top corner. Dreamland for England!

üì∫ @BBCOne 
üìª @5liveSpor‚Ä¶",34,BBCWorld
0.0,0.0,1.0,0.0,Sun Jun 24 12:23:45 +0000 2018,"RT @BBCSport: GOAL! #ENG 2-0 #PAN 

Harry Kane converts from the spot - his third goal of the #WorldCup 

üì∫ @BBCOne 
üìª @5liveSport 
üì± https‚Ä¶",35,BBCWorld
-0.8126,0.552,0.448,0.0,Sun Jun 24 12:17:52 +0000 2018,Ukraine Roma camp attack leaves one dead https://t.co/PlwCBL9CYV,36,BBCWorld
0.0,0.0,1.0,0.0,Sun Jun 24 12:09:06 +0000 2018,"RT @BBCSport: GOAL! #ENG 1-0 #PAN 

What a start! 

John Stones with a bullet header from a corner.

üì∫ @BBCOne 
üìª @5liveSport 
üì± https://t.‚Ä¶",37,BBCWorld
0.0,0.0,1.0,0.0,Sun Jun 24 12:00:45 +0000 2018,"RT @BBCSport: #ENG v #PAN is under way!

üì∫ @BBCOne 
üìª @5liveSport 
üì± https://t.co/ByebdqU7Yx

#WorldCup #ENGPAN #bbcworldcup https://t.co/r‚Ä¶",38,BBCWorld
0.0,0.0,1.0,0.0,Sun Jun 24 10:32:17 +0000 2018,Zimbabwe election to 'to go ahead as planned' after blast https://t.co/bSUek02iOJ,39,BBCWorld
0.2942,0.0,0.886,0.114,Sun Jun 24 10:23:22 +0000 2018,"""At last!""

Saudi Arabia becomes the last country in the world to allow women to drive. https://t.co/vfOqNTBk9o https://t.co/NmsTDXIGvr",40,BBCWorld
0.0,0.0,1.0,0.0,Sun Jun 24 10:23:11 +0000 2018,Germany building explosion injures 25 https://t.co/K6Ddvz6RcE,41,BBCWorld
0.0,0.0,1.0,0.0,Sun Jun 24 09:09:03 +0000 2018,"Han Solo 'blaster' fetches $550,000 in New York https://t.co/sIVep26sTx",42,BBCWorld
0.0,0.0,1.0,0.0,Sun Jun 24 08:42:41 +0000 2018,A woman takes the wheel in Saudi Arabia https://t.co/9OvRr1sRE9,43,BBCWorld
0.0,0.0,1.0,0.0,Sun Jun 24 08:22:53 +0000 2018,RT @BBCSport: Fifa has opened an investigation into Granit Xhaka and Xherdan Shaqiri's goal celebrations during Switzerland's World Cup vic‚Ä¶,44,BBCWorld
0.6369,0.0,0.781,0.219,Sun Jun 24 08:13:42 +0000 2018,"RT @BBCSteveR: From (World Cup) Russia with Love:  Marx, Putin, pigeons &amp; a piano accompaniment. #WorldCup https://t.co/xwOgMeNlf2",45,BBCWorld
0.0,0.0,1.0,0.0,Sun Jun 24 07:44:41 +0000 2018,"New Zealand's PM reveals her daughter's name as she leaves hospital in Auckland üë∂üá≥üáø

https://t.co/5E751apfOg https://t.co/Zt70QyeRZz",46,BBCWorld
0.0,0.0,1.0,0.0,Sun Jun 24 06:28:30 +0000 2018,Woman 'humiliated' by Walgreens over drugs to end pregnancy https://t.co/lPc86Eo2yL,47,BBCWorld
-0.7506,0.516,0.484,0.0,Sun Jun 24 05:27:48 +0000 2018,Nicaragua protests: Baby killed in Managua clashes https://t.co/ks17QgywFj,48,BBCWorld
0.0,0.0,1.0,0.0,Sun Jun 24 02:59:56 +0000 2018,Turkey election: Erdogan seeks second term in hard-fought contest https://t.co/ICViy1WcdF,49,BBCWorld
0.5106,0.0,0.708,0.292,Sun Jun 24 01:36:26 +0000 2018,100 Women: 'Signing a gagging clause set me free' https://t.co/y59xOTGNwE,50,BBCWorld
-0.5574,0.286,0.714,0.0,Sun Jun 24 01:14:34 +0000 2018,What impact has Donald Trump had on illegal immigration? https://t.co/oN2Vtp7P6w,51,BBCWorld
0.0,0.0,1.0,0.0,Sun Jun 24 01:12:13 +0000 2018,Kenya's 'contaminated sugar' row: What we know https://t.co/iA6N3Hqf2j,52,BBCWorld
0.0258,0.0,0.879,0.121,Sun Jun 24 01:09:49 +0000 2018,Europe migrants: Can the EU reach a new deal? https://t.co/Fr8VLF8lsN,53,BBCWorld
0.0,0.0,1.0,0.0,Sun Jun 24 01:07:22 +0000 2018,How many words do you need to speak a language? https://t.co/LvDicLxGx2,54,BBCWorld
-0.4404,0.274,0.573,0.153,Sun Jun 24 00:48:40 +0000 2018,"Obituary: Suman Virk, the mother who forgave her daughter's killer https://t.co/E52qPUTM0Z",55,BBCWorld
-0.4019,0.278,0.722,0.0,Sat Jun 23 22:18:54 +0000 2018,French jogger detained after crossing US-Canada border https://t.co/Gj3FN7G9nK,56,BBCWorld
0.0,0.0,1.0,0.0,Sat Jun 23 21:25:25 +0000 2018,Sarah Sanders kicked out of restaurant because of work for Trump https://t.co/fs910TE1Lw,57,BBCWorld
-0.296,0.262,0.738,0.0,Sat Jun 23 21:22:40 +0000 2018,Vatican ex-diplomat sentenced to five years on child pornography charges https://t.co/zoiMSAo7o7,58,BBCWorld
-0.128,0.073,0.927,0.0,Sat Jun 23 17:22:19 +0000 2018,"RT @BBCNews: Thousands of people marched through central London to demand a vote on any final #Brexit deal üá¨üáßüá™üá∫

https://t.co/35XqTjiYfN ht‚Ä¶",59,BBCWorld
-0.296,0.239,0.761,0.0,Sat Jun 23 16:37:02 +0000 2018,Boru: Golden eagle missing in Monaghan returns https://t.co/6iRTsOqSXE,60,BBCWorld
0.34,0.144,0.606,0.25,Sat Jun 23 15:32:04 +0000 2018,Italy migrant row: Malta defiant over stranded rescue boat https://t.co/Mw4jrRT7ic,61,BBCWorld
-0.7184,0.25,0.75,0.0,Sat Jun 23 14:17:31 +0000 2018,Thousands of gallons of crude oil has leaked into a US river after a train came off the tracks in Iowa‚Ä¶ https://t.co/wRUuERvQje,62,BBCWorld
-0.0276,0.141,0.723,0.137,Sat Jun 23 13:58:18 +0000 2018,"RT @BBCSport: FT #BEL 5-2 #TUN 

A very impressive performance from Belgium. Next up for the Red Devils is #ENG... 

üì∫ @BBCOne 
üìª @5liveSpo‚Ä¶",63,BBCWorld
0.0,0.0,1.0,0.0,Sat Jun 23 13:52:40 +0000 2018,"RT @BBCSport: GOAL! #BEL 5-1 #TUN 

Michy Batshuayi finally gets his goal as he slides in at the back post.

üì∫ @BBCOne 
üìª @5liveSport 
üì± ht‚Ä¶",64,BBCWorld
0.0,0.0,1.0,0.0,Sat Jun 23 13:47:32 +0000 2018,Explosion rocks Zimbabwe president's rally https://t.co/HIPMq8rMqU,65,BBCWorld
0.4926,0.0,0.878,0.122,Sat Jun 23 13:14:50 +0000 2018,"RT @BBCSport: GOAL! #BEL 4-1 #TUN 

Hazard latches on to De Bruyne's pass, skips past the keeper and scores.

Belgium look good. Very good.‚Ä¶",66,BBCWorld
0.0,0.0,1.0,0.0,Sat Jun 23 12:55:03 +0000 2018,"RT @BBCSport: HT #BEL 3-1 #TUN 

Belgium are in complete control at the break after Lukaku's second.

üì∫ @BBCOne 
üìª @5liveSport 
üì± https://t‚Ä¶",67,BBCWorld
0.6239,0.0,0.815,0.185,Sat Jun 23 12:49:21 +0000 2018,"RT @BBCSport: GOAL! #BEL 3-1 #TUN 

It's a second for Romelu Lukaku, a delightful chipped finish over the keeper

üì∫ @BBCOne 
üìª @5liveSport‚Ä¶",68,BBCWorld
0.0,0.0,1.0,0.0,Sat Jun 23 12:18:43 +0000 2018,"RT @BBCSport: GOAL! #BEL 2-1 #TUN 

What a start to this match!

Bronn heads home from an in-swinging free-kick.

üì∫ @BBCOne 
üìª @5liveSport‚Ä¶",69,BBCWorld
0.2714,0.0,0.896,0.104,Sat Jun 23 12:17:24 +0000 2018,"RT @BBCSport: GOAL! #BEL 2-0 #TUN 

Floodgates?

Romelu Lukaku arrows a fine finish into the bottom corner.

üì∫ @BBCOne 
üìª @5liveSport 
üì± ht‚Ä¶",70,BBCWorld
0.5106,0.0,0.852,0.148,Sat Jun 23 12:15:29 +0000 2018,"RT @BBCSport: Ireland have survived a dramatic finale to clinch a first Test series victory in Australia since 1979.

Live reaction üëâ https‚Ä¶",71,BBCWorld
0.6588,0.0,0.82,0.18,Sat Jun 23 12:10:12 +0000 2018,"RT @BBCSport: GOAL! #BEL 1-0 #TUN 

Hazard steps up to convert the spot kick - great start for Belgium.

üì∫ @BBCOne 
üìª @5liveSport 
üì± https:‚Ä¶",72,BBCWorld
0.0,0.0,1.0,0.0,Sat Jun 23 12:01:42 +0000 2018,"RT @BBCSport: #BEL v #TUN is under way!

üì∫ @BBCOne 
üìª @5liveSport 
üì± https://t.co/XTVTlxv0mD

#WorldCup #BELTUN #bbcworldcup https://t.co/Z‚Ä¶",73,BBCWorld
-0.7007,0.319,0.567,0.113,Sat Jun 23 11:55:45 +0000 2018,"""I don't know how I survived. I'm amazed how I survived""

Max Eisen's mother, sister and two brothers died at Ausch‚Ä¶ https://t.co/9D7Rzc9Pqf",74,BBCWorld
-0.5994,0.358,0.642,0.0,Sat Jun 23 11:48:09 +0000 2018,Dublin park death thought to be 'suspicious' https://t.co/Li65v5fVUf,75,BBCWorld
-0.5423,0.191,0.809,0.0,Sat Jun 23 11:15:29 +0000 2018,"RT @BBCMonitoring: Ethiopian PM's office now says no deaths reported in explosion at rally in the Addis Ababa, contradicting earlier report‚Ä¶",76,BBCWorld
-0.802,0.474,0.526,0.0,Sat Jun 23 11:14:51 +0000 2018,Saudi Arabia's ban on women driving ban to end https://t.co/dPrXbIfu4H,77,BBCWorld
0.0,0.0,1.0,0.0,Sat Jun 23 10:24:00 +0000 2018,Pantera drummer Vinnie Paul dies aged 54 https://t.co/EeRDzr9B76,78,BBCWorld
-0.3182,0.315,0.685,0.0,Sat Jun 23 10:05:09 +0000 2018,'Double eagle' celebration provokes Serbs https://t.co/GO7vAzGjmh,79,BBCWorld
0.0,0.0,1.0,0.0,Sat Jun 23 08:01:56 +0000 2018,US military plans migrant tent camps amid Trump crackdown https://t.co/kZEmpbsD1V,80,BBCWorld
0.0,0.0,1.0,0.0,Sat Jun 23 07:30:51 +0000 2018,Explosion hits Ethiopia PM rally https://t.co/hpbujYXRRR,81,BBCWorld
-0.5267,0.327,0.673,0.0,Sat Jun 23 03:55:10 +0000 2018,Trump says North Korea still 'extraordinary threat' https://t.co/JrJw1h2RXe,82,BBCWorld
0.0,0.0,1.0,0.0,Sat Jun 23 01:09:47 +0000 2018,Anthony Bourdain: Chef's mother plans memorial tattoo https://t.co/YBlfu09bdN,83,BBCWorld
0.0,0.0,1.0,0.0,Sat Jun 23 00:39:37 +0000 2018,Unravelling the mystery of Akon's Wakanda https://t.co/AMnczGpuAt,84,BBCWorld
0.4019,0.0,0.748,0.252,Sat Jun 23 00:12:56 +0000 2018,The Aquarius: Migrant taxi service or charitable rescuers? https://t.co/FJqdasj52U,85,BBCWorld
0.0,0.0,1.0,0.0,Fri Jun 22 23:15:25 +0000 2018,The Kashmiri art bringing Hindus and Muslims together https://t.co/YobgGIkYEs,86,BBCWorld
-0.25,0.25,0.75,0.0,Fri Jun 22 23:10:31 +0000 2018,North Korean propaganda changes its tune https://t.co/NnaM5uUSGe,87,BBCWorld
-0.4939,0.286,0.714,0.0,Fri Jun 22 23:05:03 +0000 2018,Undocumented migrant families embark on chaotic reunion process https://t.co/a8mrwyVk9W,88,BBCWorld
-0.3182,0.204,0.796,0.0,Fri Jun 22 21:41:30 +0000 2018,Baron Edouard-Jean Empain who lost finger to kidnappers dies https://t.co/v4JqEVVG9G,89,BBCWorld
-0.3182,0.204,0.796,0.0,Fri Jun 22 20:41:20 +0000 2018,Trump highlights victims of migrants amid family separations row https://t.co/BBdVNYL93y,90,BBCWorld
0.8126,0.0,0.697,0.303,Fri Jun 22 16:57:16 +0000 2018,"RT @BBCSport: FT #NGA 2-0 #ISL 

Ahmed Musa is the hero for Nigeria with a brilliant double. 

üì∫ @BBCOne 
üìª @5liveSport 
üì± https://t.co/rSd‚Ä¶",91,BBCWorld
0.0,0.0,1.0,0.0,Fri Jun 22 16:45:24 +0000 2018,Boris Becker insists CAR diplomatic passport is genuine https://t.co/I78kZ2MYja,92,BBCWorld
0.8264,0.0,0.722,0.278,Fri Jun 22 16:44:56 +0000 2018,"RT @BBCSport: GOAL! #NGA 2-0 #ISL 

Ahmed Musa again! He breaks free, goes round the keeper and fires home - a brilliant individual goal.‚Ä¶",93,BBCWorld
-0.7964,0.542,0.458,0.0,Fri Jun 22 16:18:16 +0000 2018,Is racism worsening Australia's China influence row? https://t.co/YF8MfJd8uY,94,BBCWorld
0.7163,0.0,0.816,0.184,Fri Jun 22 16:13:12 +0000 2018,"RT @BBCSport: GOAL! #NGA 1-0 #ISL 

Ahmed Musa! He collects a cross mid-air and hammers into the back of the net - great goal!

üì∫ @BBCOne‚Ä¶",95,BBCWorld
-0.5994,0.358,0.642,0.0,Fri Jun 22 15:50:46 +0000 2018,Koko: Gorilla death coverage rekindles language debate https://t.co/fTmgGwuuml,96,BBCWorld
0.0,0.0,1.0,0.0,Fri Jun 22 15:22:53 +0000 2018,Ethiopia unblocks 264 websites and TV channels https://t.co/NmDhDcEFIx,97,BBCWorld
0.0,0.0,1.0,0.0,Fri Jun 22 15:16:27 +0000 2018,"RT @BBC_HaveYourSay: Carles Puyol, ex-Barcelona star, barred from Iran World Cup punditry for his flowing locks.
https://t.co/0rEejDzSjw",98,BBCWorld
0.7269,0.0,0.697,0.303,Fri Jun 22 15:09:49 +0000 2018,"RT @BBCMOTD: Spotted at #NGA v #ISL üëÄ

""Nigeria, please win for Messi."" üò≥üá≥üá¨

https://t.co/2vYhDvda3Q #WorldCup #bbcworldcup https://t.co/iw‚Ä¶",99,BBCWorld
0.1867,0.0,0.902,0.098,Fri Jun 22 21:19:06 +0000 2018,Tonight's the night! Don't miss model @ashleygraham on the season finale of Celebrity @undercover_cbs at 8/7c. https://t.co/iBxAOcOF7a,0,CBS
0.4199,0.0,0.811,0.189,Fri Jun 22 18:33:53 +0000 2018,"Every day is #TakeYourDogToWorkDay for shows like @HawaiiFive0CBS, @MomCBS, @SEALTeamCBS, and @bigbangtheory! https://t.co/DJaOt1VQcw",1,CBS
0.4926,0.0,0.758,0.242,Thu Jun 21 23:29:50 +0000 2018,"Lights, camera, selfie! üì∏¬†Could there be a better photo for #NationalSelfieDay? https://t.co/14Ewx64yKC",2,CBS
0.3555,0.136,0.642,0.222,Wed Jun 20 00:39:01 +0000 2018,There‚Äôs nothing quite like watching a contestant win a brand new car on @PriceIsRight. üëè  https://t.co/aKlFikYAMM,3,CBS
0.0,0.0,1.0,0.0,Mon Jun 18 20:27:50 +0000 2018,Time to make your predictions for #BB20! üëè Get to know the @CBSBigBrother Houseguests before the big premiere next‚Ä¶ https://t.co/jlpIchJ9sk,4,CBS
0.0,0.0,1.0,0.0,Mon Jun 18 15:00:46 +0000 2018,RT @CBSBigBrother: Meet the cast of #BB20... before anyone else! Start streaming all their live interviews beginning at 11am EST/8am PST on‚Ä¶,5,CBS
0.9392,0.0,0.507,0.493,Sun Jun 17 13:00:01 +0000 2018,"Today and every day we celebrate their love, guidance, and support. Happy #FathersDay to every kind of dad! https://t.co/Wffax1khBH",6,CBS
0.3595,0.0,0.872,0.128,Fri Jun 15 18:48:29 +0000 2018,"Casting Alert! @paulwesley, @DaniaJRamirez &amp; @JamesWolk are set to star in the upcoming CBS All Access psychologica‚Ä¶ https://t.co/JnZMrzT92n",7,CBS
-0.296,0.167,0.833,0.0,Thu Jun 14 17:30:00 +0000 2018,"In case you missed it, watch the entire #TonyAwards now: https://t.co/Bm0yNV3Ff3 https://t.co/h3YnFkmSQJ",8,CBS
0.1779,0.12,0.734,0.147,Thu Jun 14 16:19:32 +0000 2018,RT @StrangeAngel: Mastermind or maniac? Explore the brilliant mind of Jack Parsons in #StrangeAngel. Now streaming on CBS All Access: https‚Ä¶,9,CBS
-0.5562,0.315,0.551,0.134,Tue Jun 12 00:19:23 +0000 2018,"No pain, no gain, ALL Hart! Just one month until the premiere of @TKOCBS hosted by @KevinHart4real. https://t.co/C1yMCglxVn",10,CBS
0.5093,0.0,0.829,0.171,Mon Jun 11 22:23:06 +0000 2018,"RT @TheNeighborhood: Welcome to #TheNeighborhood, @BethBehrs! The @2BrokeGirls star returns to @CBS in a new sitcom alongside @CedEntertain‚Ä¶",11,CBS
-0.296,0.167,0.833,0.0,Mon Jun 11 19:01:38 +0000 2018,"In case you missed it, watch the entire #TonyAwards now: https://t.co/Bm0yNV3Ff3 https://t.co/3GA5otlcPa",12,CBS
0.0,0.0,1.0,0.0,Mon Jun 11 14:00:37 +0000 2018,How do you know @SaraBareilles and @joshgroban's music? #TonyAwards https://t.co/POMXBORfUT,13,CBS
0.0,0.0,1.0,0.0,Mon Jun 11 06:19:36 +0000 2018,Here are all the performances from the 2018 #TonyAwards: https://t.co/gN4ItpFlRd https://t.co/fSMNBXKC9r,14,CBS
0.4767,0.0,0.78,0.22,Mon Jun 11 06:04:41 +0000 2018,See the complete list of winners from the 2018 #TonyAwards: https://t.co/9XK6CGeber https://t.co/HkUIN4Quej,15,CBS
0.8478,0.0,0.594,0.406,Mon Jun 11 03:10:33 +0000 2018,An end to a magical evening. The Band's Visit wins for Best Musical! #TonyAwards https://t.co/ODza97n8YH,16,CBS
0.92,0.0,0.537,0.463,Mon Jun 11 03:02:06 +0000 2018,Congratulations are in order for @TheKatrinaLenk! She just won for Best Leading Actress in a Musical. #TonyAwards https://t.co/t9bNvpiEmH,17,CBS
0.0,0.0,1.0,0.0,Mon Jun 11 02:58:30 +0000 2018,"RT @CBSThisMorning: Hmm... something seems off here @SaraBareilles @JoshGroban. üòÇ

@WaitressMusical @GreatCometBway #TonyAwards https://t.c‚Ä¶",18,CBS
0.4404,0.0,0.847,0.153,Mon Jun 11 02:56:40 +0000 2018,RT @_stobin13: watching the #TonyAwards after going to 3 broadway shows this weekend makes it even better üòçü§©,19,CBS
0.1867,0.0,0.902,0.098,Fri Jun 22 21:19:06 +0000 2018,Tonight's the night! Don't miss model @ashleygraham on the season finale of Celebrity @undercover_cbs at 8/7c. https://t.co/iBxAOcOF7a,20,CBS
0.4199,0.0,0.811,0.189,Fri Jun 22 18:33:53 +0000 2018,"Every day is #TakeYourDogToWorkDay for shows like @HawaiiFive0CBS, @MomCBS, @SEALTeamCBS, and @bigbangtheory! https://t.co/DJaOt1VQcw",21,CBS
0.4926,0.0,0.758,0.242,Thu Jun 21 23:29:50 +0000 2018,"Lights, camera, selfie! üì∏¬†Could there be a better photo for #NationalSelfieDay? https://t.co/14Ewx64yKC",22,CBS
0.3555,0.136,0.642,0.222,Wed Jun 20 00:39:01 +0000 2018,There‚Äôs nothing quite like watching a contestant win a brand new car on @PriceIsRight. üëè  https://t.co/aKlFikYAMM,23,CBS
0.0,0.0,1.0,0.0,Mon Jun 18 20:27:50 +0000 2018,Time to make your predictions for #BB20! üëè Get to know the @CBSBigBrother Houseguests before the big premiere next‚Ä¶ https://t.co/jlpIchJ9sk,24,CBS
0.0,0.0,1.0,0.0,Mon Jun 18 15:00:46 +0000 2018,RT @CBSBigBrother: Meet the cast of #BB20... before anyone else! Start streaming all their live interviews beginning at 11am EST/8am PST on‚Ä¶,25,CBS
0.9392,0.0,0.507,0.493,Sun Jun 17 13:00:01 +0000 2018,"Today and every day we celebrate their love, guidance, and support. Happy #FathersDay to every kind of dad! https://t.co/Wffax1khBH",26,CBS
0.3595,0.0,0.872,0.128,Fri Jun 15 18:48:29 +0000 2018,"Casting Alert! @paulwesley, @DaniaJRamirez &amp; @JamesWolk are set to star in the upcoming CBS All Access psychologica‚Ä¶ https://t.co/JnZMrzT92n",27,CBS
-0.296,0.167,0.833,0.0,Thu Jun 14 17:30:00 +0000 2018,"In case you missed it, watch the entire #TonyAwards now: https://t.co/Bm0yNV3Ff3 https://t.co/h3YnFkmSQJ",28,CBS
0.1779,0.12,0.734,0.147,Thu Jun 14 16:19:32 +0000 2018,RT @StrangeAngel: Mastermind or maniac? Explore the brilliant mind of Jack Parsons in #StrangeAngel. Now streaming on CBS All Access: https‚Ä¶,29,CBS
-0.5562,0.315,0.551,0.134,Tue Jun 12 00:19:23 +0000 2018,"No pain, no gain, ALL Hart! Just one month until the premiere of @TKOCBS hosted by @KevinHart4real. https://t.co/C1yMCglxVn",30,CBS
0.5093,0.0,0.829,0.171,Mon Jun 11 22:23:06 +0000 2018,"RT @TheNeighborhood: Welcome to #TheNeighborhood, @BethBehrs! The @2BrokeGirls star returns to @CBS in a new sitcom alongside @CedEntertain‚Ä¶",31,CBS
-0.296,0.167,0.833,0.0,Mon Jun 11 19:01:38 +0000 2018,"In case you missed it, watch the entire #TonyAwards now: https://t.co/Bm0yNV3Ff3 https://t.co/3GA5otlcPa",32,CBS
0.0,0.0,1.0,0.0,Mon Jun 11 14:00:37 +0000 2018,How do you know @SaraBareilles and @joshgroban's music? #TonyAwards https://t.co/POMXBORfUT,33,CBS
0.0,0.0,1.0,0.0,Mon Jun 11 06:19:36 +0000 2018,Here are all the performances from the 2018 #TonyAwards: https://t.co/gN4ItpFlRd https://t.co/fSMNBXKC9r,34,CBS
0.4767,0.0,0.78,0.22,Mon Jun 11 06:04:41 +0000 2018,See the complete list of winners from the 2018 #TonyAwards: https://t.co/9XK6CGeber https://t.co/HkUIN4Quej,35,CBS
0.8478,0.0,0.594,0.406,Mon Jun 11 03:10:33 +0000 2018,An end to a magical evening. The Band's Visit wins for Best Musical! #TonyAwards https://t.co/ODza97n8YH,36,CBS
0.92,0.0,0.537,0.463,Mon Jun 11 03:02:06 +0000 2018,Congratulations are in order for @TheKatrinaLenk! She just won for Best Leading Actress in a Musical. #TonyAwards https://t.co/t9bNvpiEmH,37,CBS
0.0,0.0,1.0,0.0,Mon Jun 11 02:58:30 +0000 2018,"RT @CBSThisMorning: Hmm... something seems off here @SaraBareilles @JoshGroban. üòÇ

@WaitressMusical @GreatCometBway #TonyAwards https://t.c‚Ä¶",38,CBS
0.4404,0.0,0.847,0.153,Mon Jun 11 02:56:40 +0000 2018,RT @_stobin13: watching the #TonyAwards after going to 3 broadway shows this weekend makes it even better üòçü§©,39,CBS
0.836,0.0,0.533,0.467,Mon Jun 11 02:56:10 +0000 2018,Tony Shalhoub wins Best Leading Actor in a Musical. #TonyAwards   #TheBandsVisit https://t.co/KcUDSicKI5,40,CBS
0.0,0.0,1.0,0.0,Mon Jun 11 02:53:00 +0000 2018,The Boss looks right at home on the #TonyAwards stage! https://t.co/pwjv4iydkn,41,CBS
0.6369,0.0,0.682,0.318,Mon Jun 11 02:47:29 +0000 2018,RT @Aatamianphoto: Springsteen is on the #TonyAwards and I love it.,42,CBS
0.7978,0.0,0.457,0.543,Mon Jun 11 02:44:50 +0000 2018,Inspiration: Get to your YES! #OnceOnThisIsland #TonyAwards https://t.co/Wjp0QIWfXq,43,CBS
0.9523,0.0,0.45,0.55,Mon Jun 11 02:44:37 +0000 2018,The feeling when you win a Tony. üôå¬†Congratulations to Once on This Island for winning Best Revival of a Musical!‚Ä¶ https://t.co/UpFCqgBTwh,44,CBS
0.5994,0.0,0.698,0.302,Mon Jun 11 02:33:09 +0000 2018,What a beautiful performance by the cast of #TheBandsVisit. #TonyAwards https://t.co/4Hw96kZvrf,45,CBS
0.4215,0.0,0.877,0.123,Mon Jun 11 02:29:18 +0000 2018,"""I'm a living example of how theatre can change you - and it didn't just change me, it saved me."" @JohnLeguizamo at‚Ä¶ https://t.co/4ICwMhb6hv",46,CBS
0.8932,0.0,0.483,0.517,Mon Jun 11 02:23:56 +0000 2018,Angels in America takes the win for Best Revival of a Play! #TonyAwards https://t.co/zodW61tw8a,47,CBS
0.0,0.0,1.0,0.0,Mon Jun 11 02:21:03 +0000 2018,"RT @leahableson: The Once On This Island Goat And Chicken made it to the broadcast, Mama WILL provide #TonyAwards",48,CBS
0.0,0.0,1.0,0.0,Mon Jun 11 02:16:06 +0000 2018,That performance was the GOAT. #TonyAwards https://t.co/mtoU92HipQ,49,CBS
0.8908,0.0,0.509,0.491,Mon Jun 11 02:11:03 +0000 2018,Harry Potter and the Cursed Child wins Best Play at the #TonyAwards! @HPPlayNYC https://t.co/WIqJQmtAlN,50,CBS
0.0,0.0,1.0,0.0,Mon Jun 11 02:05:47 +0000 2018,üé∂ ‚ÄúLet's dance this last dance tonight.‚Äù üé∂ #TonyAwards #DonnaSummerMusical https://t.co/UAIaglChfv,51,CBS
0.4926,0.0,0.738,0.262,Mon Jun 11 02:03:31 +0000 2018,Hope he brought enough birthday cake for everyone! #TonyAwards https://t.co/FlLbKV6oj8,52,CBS
0.5093,0.0,0.477,0.523,Mon Jun 11 01:58:48 +0000 2018,@writerlindsayb You're welcome! #TonyAwards,53,CBS
0.7579,0.0,0.435,0.565,Mon Jun 11 01:53:17 +0000 2018,RT @hjmayer8: I sure do love @DearEvanHansen üíô #TonyAwards,54,CBS
0.6467,0.0,0.752,0.248,Mon Jun 11 01:51:16 +0000 2018,"RT @Valerie4815: What a birthday present, the Tony audience singing happy birthday to you!! #TonyAwards",55,CBS
0.0,0.0,1.0,0.0,Mon Jun 11 01:38:23 +0000 2018,If only this performance could go on forever. #TonyAwards @FrozenBroadway https://t.co/p2BMUvyTxr,56,CBS
0.636,0.0,0.724,0.276,Mon Jun 11 01:37:36 +0000 2018,RT @anna_villanueva: Magnificent performance from the cast of @FrozenBroadway! #TonyAwards2018 #TonyAwards #Tonys,57,CBS
0.8834,0.0,0.437,0.563,Mon Jun 11 01:30:56 +0000 2018,Glenda Jackson wins Best Leading Actress in a Play. #TonyAwards @threetallwomen https://t.co/GRp1gcBuiW,58,CBS
0.0,0.0,1.0,0.0,Mon Jun 11 01:29:21 +0000 2018,.@SaraBareilles is totally a Gryffindor. #TonyAwards https://t.co/OPQ7esk2dn,59,CBS
0.7351,0.079,0.625,0.296,Mon Jun 11 01:26:03 +0000 2018,RT @IzzyNY202: How impressive are these Marjory Stoneman Douglas students? That #TonyAwards performance reduced me to tears. Amazing.,60,CBS
0.0,0.0,1.0,0.0,Mon Jun 11 01:25:59 +0000 2018,RT @KatLargent: MAGIC #TonyAwards,61,CBS
0.0,0.0,1.0,0.0,Mon Jun 11 01:24:46 +0000 2018,Such a touching moment at the #TonyAwards. ‚ù§Ô∏è https://t.co/4kJWTHVPZ8,62,CBS
0.4019,0.0,0.838,0.162,Mon Jun 11 01:24:12 +0000 2018,.@Matt_Morrison welcomes the Marjory Stoneman Douglas High School theatre department to the stage. #TonyAwards https://t.co/5dxa9smeka,63,CBS
0.9151,0.0,0.543,0.457,Mon Jun 11 01:19:59 +0000 2018,So many feels at the #TonyAwards. Congratulations to @arielstachel for winning Best Featured Actor in a Musical!‚Ä¶ https://t.co/m1aRNIHPRK,64,CBS
0.6369,0.0,0.625,0.375,Mon Jun 11 01:12:31 +0000 2018,RT @McBenefit: I love everything about you @UzoAduba. #TonyAwards,65,CBS
0.1511,0.0,0.898,0.102,Mon Jun 11 01:08:28 +0000 2018,RT if that musical number by the cast of Carousel blew you away! #TonyAwards https://t.co/CMzMNtcAQO,66,CBS
0.1531,0.0,0.852,0.148,Mon Jun 11 01:08:24 +0000 2018,Nathan Lane saw his #AngelsinAmerica role as a challenge. How will you challenge yourself in 2018? #TonyAwards https://t.co/3WXd6AqgBi,67,CBS
0.8834,0.0,0.437,0.563,Mon Jun 11 01:02:47 +0000 2018,Nathan Lane wins Best Featured Actor in a Play. #TonyAwards @angelsbway https://t.co/xc8M7JtLDE,68,CBS
0.0,0.0,1.0,0.0,Mon Jun 11 00:58:06 +0000 2018,üåü¬†@joshgroban and @SaraBareilles are Host Goals. üåü #TonyAwards https://t.co/OGQec8cXJ6,69,CBS
0.2714,0.0,0.793,0.207,Mon Jun 11 00:52:34 +0000 2018,RT @adub369: This is unbelievable! @SaraBareilles and @joshgroban #TonyAwards,70,CBS
0.0,0.0,1.0,0.0,Mon Jun 11 00:51:11 +0000 2018,Who lives in a pineapple and just performed at The Tonys? üççüé∂ The cast of SpongeBob SquarePants: The Musical!‚Ä¶ https://t.co/mvFxdh9UJi,71,CBS
0.8478,0.0,0.494,0.506,Mon Jun 11 00:50:18 +0000 2018,‚ú® @LindsayMendez wins Best Featured Actress in a Musical! #TonyAwards @carouselbway https://t.co/MtgFowscN5,72,CBS
0.8858,0.0,0.435,0.565,Mon Jun 11 00:45:14 +0000 2018,A big congratulations to @springsteen for his Special Tony award! ‚ú®¬†#TonyAwards https://t.co/i16u8uv9aT,73,CBS
0.0,0.0,1.0,0.0,Mon Jun 11 00:44:36 +0000 2018,Can the 73rd annual #TonyAwards just be three-hours of @TitussBurgess? https://t.co/3rCZwwTUtv,74,CBS
0.25,0.0,0.92,0.08,Mon Jun 11 00:35:41 +0000 2018,"RT @CBSThisMorning: ""We know there are a lot of you out there who have photos of yourself in school plays or community theater."" Post your‚Ä¶",75,CBS
0.4588,0.0,0.833,0.167,Mon Jun 11 00:34:45 +0000 2018,Keep your acceptance speeches short or else the #TonyAwards will get the angels involved. #AngelsInAmerica üëº https://t.co/oznhezRzDc,76,CBS
0.0,0.0,1.0,0.0,Mon Jun 11 00:31:28 +0000 2018,"If you haven't started singing, you will be the rest of the night. #TonyAwards #MyFairLady https://t.co/jbGXwnru8N",77,CBS
0.3612,0.0,0.737,0.263,Mon Jun 11 00:27:42 +0000 2018,RT @marialena_rago: I like this opener for @MyFairLadyBway #TonyAwards,78,CBS
0.8908,0.0,0.43,0.57,Mon Jun 11 00:27:00 +0000 2018,Laurie Metcalf wins Best Featured Actress in a Play! #TonyAwards @threetallwomen https://t.co/y4teyJaRPs,79,CBS
0.0,0.0,1.0,0.0,Mon Jun 11 00:24:31 +0000 2018,Tina Fey has a boat?? #MeanGirls #TonyAwards https://t.co/phYxmHMd3d,80,CBS
0.0,0.0,1.0,0.0,Mon Jun 11 00:22:15 +0000 2018,Representing the hardest-working men and women in Broadway‚Ä¶¬†ensemble members from every nominated musical tonight!‚Ä¶ https://t.co/imlEEnOUla,81,CBS
0.6369,0.0,0.588,0.412,Mon Jun 11 00:22:15 +0000 2018,RT @misschae: I love theatre so much. #TonyAwards,82,CBS
0.0,0.0,1.0,0.0,Mon Jun 11 00:18:16 +0000 2018,On Wednesdays they wear pink and on Sundays they perform at the #TonyAwards. üíï Who thought that performance by the‚Ä¶ https://t.co/w7QDkaX6kF,83,CBS
0.6369,0.0,0.756,0.244,Mon Jun 11 00:13:27 +0000 2018,"RT @MichaelJMoritz: ""We are all made perfectly and we all belong‚Äù - Andrew Garfield #TonyAwards",84,CBS
0.8834,0.0,0.437,0.563,Mon Jun 11 00:12:31 +0000 2018,Andrew Garfield wins Best Leading Actor in a Play. #TonyAwards @angelsbway https://t.co/s2VQnw6IPP,85,CBS
0.6696,0.0,0.64,0.36,Mon Jun 11 00:06:39 +0000 2018,"RT @nightingalen: Love this opening song! @joshgroban
@SaraBarreilles 
#TonyAwards",86,CBS
0.0,0.0,1.0,0.0,Mon Jun 11 00:04:15 +0000 2018,‚ú® @joshgroban and @SaraBareilles take the stage to begin an unforgettable evening. #TonyAwards https://t.co/y9uzlK2DzO,87,CBS
0.0,0.0,1.0,0.0,Sun Jun 10 23:59:00 +0000 2018,Grab your popcorn... it's time for the #TonyAwards! Go and stream the entire show now: https://t.co/Wo1algQHix https://t.co/JGYTk4NPDN,88,CBS
0.0,0.0,1.0,0.0,Sun Jun 10 23:18:15 +0000 2018,‚ú® @thegoodfight's Christine Baranski has arrived on the #TonyAwards red carpet! Watch LIVE at 8/7c on CBS! https://t.co/XnXAnPtRrc,89,CBS
0.0,0.0,1.0,0.0,Sun Jun 10 22:01:25 +0000 2018,"The hosts have arrived! We're LIVE with @SaraBareilles, @joshgroban and more on the #TonyAwards red carpet hosted b‚Ä¶ https://t.co/NtarbgywLe",90,CBS
0.4184,0.0,0.843,0.157,Sun Jun 10 15:00:01 +0000 2018,Tonight's the night! Join @etnow's @DDirecto on the #TonyAwards' red carpet starting at 5PM ET! https://t.co/hZLOSiIRAT,91,CBS
0.5093,0.0,0.845,0.155,Sat Jun 09 21:00:02 +0000 2018,These two know a thing or two about awards! Watch them light up the stage tomorrow at the #TonyAwards. ‚ú® https://t.co/KHVZp65oLS,92,CBS
0.0,0.0,1.0,0.0,Sat Jun 09 16:00:00 +0000 2018,Here's everything you need to know before watching the #TonyAwards this Sunday at 8/7c: https://t.co/jcRgNGmLUZ https://t.co/8suUhVPFK6,93,CBS
0.296,0.0,0.82,0.18,Fri Jun 08 19:46:17 +0000 2018,Join @etnow's @DDirecto this Sunday on the #TonyAwards' red carpet. https://t.co/7jS8g10KmY,94,CBS
0.0,0.0,1.0,0.0,Fri Jun 08 15:00:03 +0000 2018,Here's @laChanze with a reminder that you can stream the #TonyAwards this Sunday on CBS All Access! https://t.co/8TDEXzKmyQ,95,CBS
0.9078,0.0,0.564,0.436,Fri Jun 08 13:58:15 +0000 2018,"We all get by with a little help from our friends, so what better way to celebrate #NationalBestFriendsDay than to‚Ä¶ https://t.co/pIZezbBwaT",96,CBS
0.3612,0.0,0.872,0.128,Thu Jun 07 17:03:26 +0000 2018,"Get ready for show-stopping performances by the casts of the 2018 Tony-nominated shows Mean Girls, SpongeBob Square‚Ä¶ https://t.co/NiSx9Bbw0F",97,CBS
0.2732,0.105,0.719,0.176,Wed Jun 06 21:00:24 +0000 2018,Don‚Äôt miss a special performance from @springsteen this Sunday at the #TonyAwards: https://t.co/LYYdleaFwU https://t.co/IKkKoITH9y,98,CBS
0.3595,0.0,0.872,0.128,Wed Jun 06 00:08:30 +0000 2018,"RT @CBSThisMorning: .@SaraBareilles and @joshgroban are hosting this Sunday's @TheTonyAwards on @CBS! 

Wednesday, they'll join us LIVE on‚Ä¶",99,CBS
0.0,0.0,1.0,0.0,Sun Jun 24 19:52:22 +0000 2018,Erdogan declares victory in Turkish election https://t.co/IZzVbR5QOH https://t.co/Yf386oP3FW,0,CNN
0.0,0.0,1.0,0.0,Sun Jun 24 19:42:11 +0000 2018,Two San Diego Police officers were shot after they breached an apartment that smelled of smoke on Saturday night‚Ä¶ https://t.co/TxpF9IDYsy,1,CNN
-0.9217,0.484,0.516,0.0,Sun Jun 24 19:01:26 +0000 2018,"Jane Clementi, whose 18-year-old son, Tyler Clementi, died by suicide after being bullied online, tells‚Ä¶ https://t.co/PoXSQWbr3n",2,CNN
0.7184,0.0,0.731,0.269,Sun Jun 24 18:54:05 +0000 2018,"""Quit trying to make us feel teary-eyed for the children. Yes, I love children a great deal, but to me, it's up to‚Ä¶ https://t.co/lmpTK1cigE",3,CNN
0.0,0.0,1.0,0.0,Sun Jun 24 18:40:04 +0000 2018,"Otzi, a 5,300-year-old glacier mummy found in the Italian Alps, is older than the Giza pyramids and Stonehenge. The‚Ä¶ https://t.co/p9hIsIR3PM",4,CNN
0.0,0.0,1.0,0.0,Sun Jun 24 18:27:05 +0000 2018,"New Zealand Prime Minister Jacinda Ardern revealed the name of her baby girl, Neve. Ardern is the first world leade‚Ä¶ https://t.co/UJ6luDgAG7",5,CNN
0.0,0.0,1.0,0.0,Sun Jun 24 18:14:04 +0000 2018,Preliminary results in Turkey's snap elections show President Recep Tayyip Erdogan in the lead over his nearest riv‚Ä¶ https://t.co/MrwofWRIYL,6,CNN
0.5859,0.0,0.759,0.241,Sun Jun 24 18:04:49 +0000 2018,England record biggest ever #WorldCup win after putting six goals past Panama https://t.co/7mKw5AYwMC,7,CNN
-0.6249,0.221,0.779,0.0,Sun Jun 24 17:49:40 +0000 2018,"At least five people were injured when an explosion, followed by a fire, tore through an apartment building in Germ‚Ä¶ https://t.co/h8jALtiBr0",8,CNN
0.3818,0.0,0.88,0.12,Sun Jun 24 17:36:08 +0000 2018,Late Japan equalizer from Keisuke Honda stalls Senegal's surge toward the last-16 of the World Cup to ensure Group‚Ä¶ https://t.co/d7U98CLtMv,9,CNN
0.0,0.126,0.748,0.126,Sun Jun 24 17:23:08 +0000 2018,This teenager volunteered her skills in sign language to help a blind and deaf man on a cross-country flight https://t.co/lGQN2xAqYD,10,CNN
-0.0516,0.189,0.632,0.179,Sun Jun 24 17:11:04 +0000 2018,"""We have been encouraging illegal immigration,"" says Wisconsin GOP Sen. Ron Johnson https://t.co/aykSJGyRQd https://t.co/M0I1EIe7LG",11,CNN
0.0,0.0,1.0,0.0,Sun Jun 24 17:00:04 +0000 2018,Two San Diego Police officers were shot after they breached an apartment that smelled of smoke on Saturday night‚Ä¶ https://t.co/o6cB4N2UTd,12,CNN
0.0,0.0,1.0,0.0,Sun Jun 24 16:45:10 +0000 2018,Preliminary results in Turkey's snap elections show President Recep Tayyip Erdogan in the lead over his nearest riv‚Ä¶ https://t.co/SmXwbmzBCv,13,CNN
0.0,0.0,1.0,0.0,Sun Jun 24 16:34:03 +0000 2018,"Almost 350 migrants are stranded on two boats in the Mediterranean, including a Danish cargo ship, as a standoff be‚Ä¶ https://t.co/LVV7sxmR6L",14,CNN
0.0,0.0,1.0,0.0,Sun Jun 24 16:22:06 +0000 2018,The Trump administration is releasing its plan for putting back together the thousands of families it separated at‚Ä¶ https://t.co/rYcluUlagk,15,CNN
-0.8158,0.282,0.718,0.0,Sun Jun 24 16:11:06 +0000 2018,At least two people were killed and more than 100 injured in an explosion Saturday at a rally attended by Ethiopian‚Ä¶ https://t.co/HHd8ABYtIz,16,CNN
-0.296,0.095,0.905,0.0,Sun Jun 24 16:00:09 +0000 2018,Prince William arrived in Jordan on the first stop of a five-day Middle East tour that will also take him to Israel‚Ä¶ https://t.co/dJf3LsSkeP,17,CNN
-0.8807,0.375,0.625,0.0,Sun Jun 24 15:49:04 +0000 2018,"The U.S. Navy announced Saturday the death of Lt. Christopher Carey Short, a pilot who died in a plane crash during‚Ä¶ https://t.co/NerrjVcbH3",18,CNN
-0.6249,0.221,0.779,0.0,Sun Jun 24 15:38:16 +0000 2018,"At least five people were injured when an explosion, followed by a fire, tore through an apartment building in Germ‚Ä¶ https://t.co/pLCcY2Tfbp",19,CNN
0.0,0.0,1.0,0.0,Sun Jun 24 19:52:22 +0000 2018,Erdogan declares victory in Turkish election https://t.co/IZzVbR5QOH https://t.co/Yf386oP3FW,20,CNN
0.0,0.0,1.0,0.0,Sun Jun 24 19:42:11 +0000 2018,Two San Diego Police officers were shot after they breached an apartment that smelled of smoke on Saturday night‚Ä¶ https://t.co/TxpF9IDYsy,21,CNN
-0.9217,0.484,0.516,0.0,Sun Jun 24 19:01:26 +0000 2018,"Jane Clementi, whose 18-year-old son, Tyler Clementi, died by suicide after being bullied online, tells‚Ä¶ https://t.co/PoXSQWbr3n",22,CNN
0.7184,0.0,0.731,0.269,Sun Jun 24 18:54:05 +0000 2018,"""Quit trying to make us feel teary-eyed for the children. Yes, I love children a great deal, but to me, it's up to‚Ä¶ https://t.co/lmpTK1cigE",23,CNN
0.0,0.0,1.0,0.0,Sun Jun 24 18:40:04 +0000 2018,"Otzi, a 5,300-year-old glacier mummy found in the Italian Alps, is older than the Giza pyramids and Stonehenge. The‚Ä¶ https://t.co/p9hIsIR3PM",24,CNN
0.0,0.0,1.0,0.0,Sun Jun 24 18:27:05 +0000 2018,"New Zealand Prime Minister Jacinda Ardern revealed the name of her baby girl, Neve. Ardern is the first world leade‚Ä¶ https://t.co/UJ6luDgAG7",25,CNN
0.0,0.0,1.0,0.0,Sun Jun 24 18:14:04 +0000 2018,Preliminary results in Turkey's snap elections show President Recep Tayyip Erdogan in the lead over his nearest riv‚Ä¶ https://t.co/MrwofWRIYL,26,CNN
0.5859,0.0,0.759,0.241,Sun Jun 24 18:04:49 +0000 2018,England record biggest ever #WorldCup win after putting six goals past Panama https://t.co/7mKw5AYwMC,27,CNN
-0.6249,0.221,0.779,0.0,Sun Jun 24 17:49:40 +0000 2018,"At least five people were injured when an explosion, followed by a fire, tore through an apartment building in Germ‚Ä¶ https://t.co/h8jALtiBr0",28,CNN
0.3818,0.0,0.88,0.12,Sun Jun 24 17:36:08 +0000 2018,Late Japan equalizer from Keisuke Honda stalls Senegal's surge toward the last-16 of the World Cup to ensure Group‚Ä¶ https://t.co/d7U98CLtMv,29,CNN
0.0,0.126,0.748,0.126,Sun Jun 24 17:23:08 +0000 2018,This teenager volunteered her skills in sign language to help a blind and deaf man on a cross-country flight https://t.co/lGQN2xAqYD,30,CNN
-0.0516,0.189,0.632,0.179,Sun Jun 24 17:11:04 +0000 2018,"""We have been encouraging illegal immigration,"" says Wisconsin GOP Sen. Ron Johnson https://t.co/aykSJGyRQd https://t.co/M0I1EIe7LG",31,CNN
0.0,0.0,1.0,0.0,Sun Jun 24 17:00:04 +0000 2018,Two San Diego Police officers were shot after they breached an apartment that smelled of smoke on Saturday night‚Ä¶ https://t.co/o6cB4N2UTd,32,CNN
0.0,0.0,1.0,0.0,Sun Jun 24 16:45:10 +0000 2018,Preliminary results in Turkey's snap elections show President Recep Tayyip Erdogan in the lead over his nearest riv‚Ä¶ https://t.co/SmXwbmzBCv,33,CNN
0.0,0.0,1.0,0.0,Sun Jun 24 16:34:03 +0000 2018,"Almost 350 migrants are stranded on two boats in the Mediterranean, including a Danish cargo ship, as a standoff be‚Ä¶ https://t.co/LVV7sxmR6L",34,CNN
0.0,0.0,1.0,0.0,Sun Jun 24 16:22:06 +0000 2018,The Trump administration is releasing its plan for putting back together the thousands of families it separated at‚Ä¶ https://t.co/rYcluUlagk,35,CNN
-0.8158,0.282,0.718,0.0,Sun Jun 24 16:11:06 +0000 2018,At least two people were killed and more than 100 injured in an explosion Saturday at a rally attended by Ethiopian‚Ä¶ https://t.co/HHd8ABYtIz,36,CNN
-0.296,0.095,0.905,0.0,Sun Jun 24 16:00:09 +0000 2018,Prince William arrived in Jordan on the first stop of a five-day Middle East tour that will also take him to Israel‚Ä¶ https://t.co/dJf3LsSkeP,37,CNN
-0.8807,0.375,0.625,0.0,Sun Jun 24 15:49:04 +0000 2018,"The U.S. Navy announced Saturday the death of Lt. Christopher Carey Short, a pilot who died in a plane crash during‚Ä¶ https://t.co/NerrjVcbH3",38,CNN
-0.6249,0.221,0.779,0.0,Sun Jun 24 15:38:16 +0000 2018,"At least five people were injured when an explosion, followed by a fire, tore through an apartment building in Germ‚Ä¶ https://t.co/pLCcY2Tfbp",39,CNN
0.0,0.0,1.0,0.0,Sun Jun 24 15:25:18 +0000 2018,Jurassic World sequel crosses $700 million at the global box office https://t.co/IlBYCnKzHy https://t.co/BzWEZ1agSv,40,CNN
0.0,0.0,1.0,0.0,Sun Jun 24 15:12:05 +0000 2018,England qualified for the last 16 of the World Cup with a thumping 6-1 victory over Panama Sunday in a sweltering N‚Ä¶ https://t.co/1JGu5AXkWH,41,CNN
-0.5267,0.167,0.833,0.0,Sun Jun 24 14:20:49 +0000 2018,Mo Salah is considering quitting the Egyptian national team due to unhappiness over his #WorldCup Chechnya controve‚Ä¶ https://t.co/M0kxmAJXl0,42,CNN
0.7334,0.0,0.721,0.279,Sun Jun 24 14:15:06 +0000 2018,Are Canadians really as nice as most Americans think they are? @WKamauell talks to proud Canadian @therealrussellp‚Ä¶ https://t.co/U0yeOqBxgK,43,CNN
0.5859,0.0,0.759,0.241,Sun Jun 24 14:05:25 +0000 2018,England record biggest ever #WorldCup win after putting six goals past Panama https://t.co/pRTqvMtIcm,44,CNN
-0.8176,0.319,0.681,0.0,Sun Jun 24 14:00:12 +0000 2018,"""Thirty years after my brother's death, I still ask why"": @AndersonCooper remembers his brother, Carter, who died b‚Ä¶ https://t.co/h93UYhWxo1",45,CNN
-0.3612,0.122,0.878,0.0,Sun Jun 24 13:48:26 +0000 2018,Democratic Rep. Barbara Lee of California describes her visit to detention facilities on the US-Mexico border and s‚Ä¶ https://t.co/nmsKObhh3K,46,CNN
0.6597,0.0,0.779,0.221,Sun Jun 24 13:31:10 +0000 2018,"Sen. Bernie Sanders: President Trump needs to ""make it clear that the United States of America is not a nation whic‚Ä¶ https://t.co/DZH2lkQ1p6",47,CNN
0.0,0.0,1.0,0.0,Sun Jun 24 13:30:14 +0000 2018,"Democratic Sen. Jeff Merkley is ""exploring the possibility"" of throwing his hat in the ring in the 2020 presidentia‚Ä¶ https://t.co/cUN7NCn4gg",48,CNN
0.34,0.0,0.893,0.107,Sun Jun 24 13:12:09 +0000 2018,Sen. Ron Johnson says the most recent information he has from the Department of Homeland Security is that ‚Äúabout 21‚Ä¶ https://t.co/8FvQPMeViz,49,CNN
-0.34,0.112,0.888,0.0,Sun Jun 24 13:00:18 +0000 2018,"American Outdoor Brands, the gun maker that owns the iconic Smith &amp; Wesson line of firearms, reported plunging sale‚Ä¶ https://t.co/x3lGJgBThv",50,CNN
0.0,0.126,0.748,0.126,Sun Jun 24 12:31:03 +0000 2018,This teenager volunteered her skills in sign language to help a blind and deaf man on a cross-country flight https://t.co/HDoL65TKwO,51,CNN
0.0,0.0,1.0,0.0,Sun Jun 24 12:30:17 +0000 2018,"Former Trump campaign manager Corey Lewandowski has been dropped by his speakers bureau after saying ""womp womp"" re‚Ä¶ https://t.co/608JmBtvS9",52,CNN
0.0,0.0,1.0,0.0,Sun Jun 24 12:12:06 +0000 2018,"New Zealand Prime Minister Jacinda Ardern and her partner Clarke Gayford have revealed the name of their baby girl,‚Ä¶ https://t.co/SrBM771oZg",53,CNN
-0.5574,0.175,0.825,0.0,Sun Jun 24 12:00:17 +0000 2018,"A Chicago teen, shot in the head, was covered with a sheet by paramedics. He died nearly a day later.‚Ä¶ https://t.co/ZRyOiHPkQX",54,CNN
0.128,0.0,0.87,0.13,Sun Jun 24 11:45:04 +0000 2018,Recreational marijuana use will soon be legal in Canada https://t.co/UNVKKJZDuP https://t.co/eTODylDScV,55,CNN
0.0,0.0,1.0,0.0,Sun Jun 24 11:31:00 +0000 2018,"In the constellation of Sagittarius, three infant planets have been found orbiting a young star 330 light-years fro‚Ä¶ https://t.co/01FNZXyuQz",56,CNN
0.0,0.0,1.0,0.0,Sun Jun 24 11:30:50 +0000 2018,"""We've been waiting for this moment for such a long time, and now finally it's here!"" Saudi women tell @CNN how the‚Ä¶ https://t.co/R485BiQFn9",57,CNN
0.0,0.0,1.0,0.0,Sun Jun 24 11:30:09 +0000 2018,New Zealand Prime Minister Jacinda Ardern became the first world leader in nearly 30 years to have a child while in‚Ä¶ https://t.co/3TRRXivoWo,58,CNN
0.0,0.0,1.0,0.0,Sun Jun 24 11:15:05 +0000 2018,Every single person in charge of law and order in this Georgia town is a black woman https://t.co/kUpZ4JAiXW https://t.co/3PuuRJjkRV,59,CNN
-0.4019,0.13,0.87,0.0,Sun Jun 24 11:01:05 +0000 2018,A 9-year-old boy in Greece permanently injured his left eye when he repeatedly gazed into a laser pointer's green b‚Ä¶ https://t.co/utAi8QBck9,60,CNN
0.0,0.0,1.0,0.0,Sun Jun 24 10:31:00 +0000 2018,"This major exhibition by renowned glass artist Dale Chihuly marks the first time George Vanderbilt's descendants, w‚Ä¶ https://t.co/9Bz4dBcHA5",61,CNN
-0.5574,0.146,0.854,0.0,Sun Jun 24 10:30:06 +0000 2018,"Koko, the gorilla who mastered sign language, died in her sleep at age 46, The Gorilla Foundation says. She was sai‚Ä¶ https://t.co/044ZrSk44E",62,CNN
0.9042,0.0,0.548,0.452,Sun Jun 24 10:22:18 +0000 2018,"""I feel like I'm surprised -- am I really driving in my own country? I feel happy, relieved. I feel like I'm free.""‚Ä¶ https://t.co/zjyEr71gKg",63,CNN
0.0,0.0,1.0,0.0,Sun Jun 24 10:15:07 +0000 2018,This school in Virginia is switching its name from that of a Confederate general to Barack Obama Elementary School‚Ä¶ https://t.co/dL3WAn0N1l,64,CNN
0.0,0.0,1.0,0.0,Sun Jun 24 10:01:08 +0000 2018,Italian scholars claim they have unearthed the first known piece by Renaissance genius Leonardo Da Vinci‚Ä¶ https://t.co/NvoOCFewz8,65,CNN
0.0,0.0,1.0,0.0,Sun Jun 24 09:45:08 +0000 2018,"First, it was a small bump under her left eye. Five days later, it appeared above the eye. Her upper lip was bulgin‚Ä¶ https://t.co/Cbxh6zI03z",66,CNN
0.3612,0.0,0.889,0.111,Sun Jun 24 09:31:00 +0000 2018,"After three years of restoration at Yosemite National Park, some of the world's biggest trees are ready to view aga‚Ä¶ https://t.co/vbXfWJgqHH",67,CNN
0.4588,0.0,0.727,0.273,Sun Jun 24 09:15:05 +0000 2018,What to know about Sunday's BET Awards https://t.co/bgqHsqkyvI https://t.co/W0GuvMBOrW,68,CNN
0.1027,0.0,0.938,0.062,Sun Jun 24 09:08:45 +0000 2018,"At the stroke of midnight on Sunday, Saudi women were legally allowed to drive for the first time - and they've was‚Ä¶ https://t.co/atuQGWYI4R",69,CNN
0.0,0.0,1.0,0.0,Sun Jun 24 09:01:06 +0000 2018,"Otzi, a 5,300-year-old glacier mummy found in the Italian Alps, is older than the Giza pyramids and Stonehenge. The‚Ä¶ https://t.co/1xh6kxtsa2",70,CNN
0.0,0.0,1.0,0.0,Sun Jun 24 08:55:07 +0000 2018,Polls have opened across Turkey in a snap vote as President Recep Tayyip Erdogan faces his biggest electoral threat‚Ä¶ https://t.co/F9iOxUwkMi,71,CNN
0.7184,0.0,0.731,0.269,Sun Jun 24 08:45:03 +0000 2018,"""Quit trying to make us feel teary-eyed for the children. Yes, I love children a great deal, but to me, it's up to‚Ä¶ https://t.co/fcd7L5d2GK",72,CNN
0.0,0.0,1.0,0.0,Sun Jun 24 08:31:00 +0000 2018,"A West Virginia couple says a hospital mixed up two newborn babies, after the mother showed off one baby to relativ‚Ä¶ https://t.co/2sGbVvE0TM",73,CNN
0.4019,0.0,0.847,0.153,Sun Jun 24 08:15:04 +0000 2018,There's nearly a Nixon 1974 level of public support for impeaching President Trump | Analysis by @zbyronwolf¬†‚Ä¶ https://t.co/Jx47eHmlvZ,74,CNN
-0.5574,0.159,0.841,0.0,Sun Jun 24 08:12:50 +0000 2018,"Saudi Arabia has lifted its longstanding ban on women driving, after years of campaigning by activists who have som‚Ä¶ https://t.co/kB6LjW67qi",75,CNN
-0.5423,0.149,0.851,0.0,Sun Jun 24 08:01:03 +0000 2018,"President Trump claims crime in Germany ""is way up."" 

But data from the German government shows that 2017 saw the‚Ä¶ https://t.co/A4VJolafXM",76,CNN
0.0,0.0,1.0,0.0,Sun Jun 24 07:31:00 +0000 2018,"Tiny house living may not be for everyone, but tiny house resorts have popped up all over the country, offering eve‚Ä¶ https://t.co/FXhieCJ4L4",77,CNN
0.0,0.0,1.0,0.0,Sun Jun 24 07:15:05 +0000 2018,"The US government might send up to 20,000 undocumented immigrant children to housing on US military bases, two defe‚Ä¶ https://t.co/9hValJExkU",78,CNN
0.7845,0.0,0.669,0.331,Sun Jun 24 07:01:06 +0000 2018,"""Black Panther"" star Chadwick Boseman was accepting an MTV award for playing a superhero when he invited James Shaw‚Ä¶ https://t.co/OD3nnJZ8Qy",79,CNN
-0.34,0.112,0.888,0.0,Sun Jun 24 06:45:09 +0000 2018,"American Outdoor Brands, the gun maker that owns the iconic Smith &amp; Wesson line of firearms, reported plunging sale‚Ä¶ https://t.co/iLeCrBLt0g",80,CNN
0.4215,0.0,0.798,0.202,Sun Jun 24 06:31:00 +0000 2018,"83-year-old artist Christo has been creating conceptually challenging, and large-scale work since the late 1950s. N‚Ä¶ https://t.co/LydzzGCWIY",81,CNN
-0.5106,0.148,0.852,0.0,Sun Jun 24 06:15:06 +0000 2018,"Americans born into poverty are more likely than ever before to stay that way under the Trump administration, accor‚Ä¶ https://t.co/9sqvjBIjtF",82,CNN
0.0,0.0,1.0,0.0,Sun Jun 24 06:00:11 +0000 2018,T-shirt makers are riffing on Melania Trump's jacket and donating the proceeds to refugee services‚Ä¶ https://t.co/em0ZXn5nsW,83,CNN
0.0,0.0,1.0,0.0,Sun Jun 24 05:45:08 +0000 2018,"First, it was a small bump under her left eye. Five days later, it appeared above the eye. Her upper lip was bulgin‚Ä¶ https://t.co/gVvXpvRb2x",84,CNN
0.0,0.0,1.0,0.0,Sun Jun 24 05:31:00 +0000 2018,This is how KitKats are made https://t.co/4EErNERWNW https://t.co/7RQ1knBF7Q,85,CNN
0.4019,0.0,0.816,0.184,Sun Jun 24 05:15:04 +0000 2018,"How soybeans -- yes, soybeans -- could impact the midterm elections https://t.co/TDuL7njBVA https://t.co/GT7laD4Cco",86,CNN
0.0,0.0,1.0,0.0,Sun Jun 24 05:01:02 +0000 2018,The introduction of HPV vaccines in England led to an 86% reduction in rates of the cancer-causing infection https://t.co/dMio3f1gf5,87,CNN
0.0,0.0,1.0,0.0,Sun Jun 24 04:45:05 +0000 2018,New Zealand Prime Minister Jacinda Ardern became the first world leader in nearly 30 years to have a child while in‚Ä¶ https://t.co/zvZ4WaPK03,88,CNN
0.0,0.0,1.0,0.0,Sun Jun 24 04:31:00 +0000 2018,"Jim Davis introduced the world to Garfield on June 19, 1978. Since then the comic strip character has spun off TV s‚Ä¶ https://t.co/VRdLrSiA1l",89,CNN
0.0,0.0,1.0,0.0,Sun Jun 24 04:15:06 +0000 2018,Every single person in charge of law and order in this Georgia town is a black woman https://t.co/O49ppicmkX https://t.co/psgCDVTNrH,90,CNN
0.0,0.0,1.0,0.0,Sun Jun 24 04:01:09 +0000 2018,Canada becomes the second nation in the world to legalize marijuana https://t.co/hDpMyJpV2r https://t.co/DS8KdRsvnP,91,CNN
0.0,0.0,1.0,0.0,Sun Jun 24 03:15:05 +0000 2018,Every single person in charge of law and order in this Georgia town is a black woman https://t.co/xvTFHyxybd https://t.co/5SMVe3yHDZ,92,CNN
0.0,0.0,1.0,0.0,Sun Jun 24 03:00:19 +0000 2018,"The US government might send up to 20,000 undocumented immigrant children to housing on US military bases, two defe‚Ä¶ https://t.co/nauartDBjk",93,CNN
0.0,0.0,1.0,0.0,Sun Jun 24 02:45:08 +0000 2018,"Democratic Sen. Jeff Merkley is ""exploring the possibility"" of throwing his hat in the ring in the 2020 presidentia‚Ä¶ https://t.co/3UJ1iiRNPe",94,CNN
0.4019,0.0,0.847,0.153,Sun Jun 24 02:30:11 +0000 2018,There's nearly a Nixon 1974 level of public support for impeaching President Trump | Analysis by @zbyronwolf¬†‚Ä¶ https://t.co/GMUkVqRSLy,95,CNN
0.7184,0.0,0.731,0.269,Sun Jun 24 02:15:08 +0000 2018,"""Quit trying to make us feel teary-eyed for the children. Yes, I love children a great deal, but to me, it's up to‚Ä¶ https://t.co/SEaMngzwGk",96,CNN
0.4019,0.0,0.816,0.184,Sun Jun 24 02:00:17 +0000 2018,"How soybeans -- yes, soybeans -- could impact the midterm elections https://t.co/5sqhbAmTWG https://t.co/oMoqtG4fHM",97,CNN
0.0,0.0,1.0,0.0,Sun Jun 24 01:45:04 +0000 2018,"First, it was a small bump under her left eye. Five days later, it appeared above the eye. Her upper lip was bulgin‚Ä¶ https://t.co/nqB0DFpxCY",98,CNN
0.0,0.0,1.0,0.0,Sun Jun 24 01:15:06 +0000 2018,A far-right pundit appointed to a post at the Department of Health and Human Services listed on her resume past wor‚Ä¶ https://t.co/70SIM5cI8a,99,CNN
-0.3804,0.126,0.874,0.0,Sun Jun 24 19:51:41 +0000 2018,".@RealCandaceO on Trump staffers facing backlash: ""What this tells me is that the Left has absolutely lost control.‚Ä¶ https://t.co/K1auGmGNgJ",0,FoxNews
-0.8316,0.281,0.719,0.0,Sun Jun 24 19:44:24 +0000 2018,"RT @FoxNewsResearch: US War in Afghanistan:
‚Ä¢Began October 7, 2001
‚Ä¢Longest war in US history 
‚Ä¢Current troop level: ~15,000
‚Üí 3,000 more t‚Ä¶",1,FoxNews
0.0,0.0,1.0,0.0,Sun Jun 24 19:41:54 +0000 2018,".@POTUS: ""I don't believe any administration, any president, has come even close to doing what we've done in the fi‚Ä¶ https://t.co/ULkJfAYjeb",2,FoxNews
-0.5106,0.136,0.864,0.0,Sun Jun 24 19:35:34 +0000 2018,"John Murphy on retaliatory tariffs: ""The pain that it is going to inflict is going to be noticeable I think at a ne‚Ä¶ https://t.co/XzPEzHIXiC",3,FoxNews
0.3182,0.0,0.85,0.15,Sun Jun 24 19:35:12 +0000 2018,Border Patrol Union VP: Dem's Immigration Claims Couldn't Be 'Farther from the Truth' https://t.co/cS1FHWEQyq,4,FoxNews
0.0,0.0,1.0,0.0,Sun Jun 24 19:28:01 +0000 2018,Turkey President Erdogan holds big lead in elections https://t.co/aPLImPT4MB,5,FoxNews
0.0,0.0,1.0,0.0,Sun Jun 24 19:24:03 +0000 2018,RT @EricShawnTV: When will all the children be reunited with their parents? Can Congressional action speed up the process? I anchor at 4 pm‚Ä¶,6,FoxNews
0.0,0.0,1.0,0.0,Sun Jun 24 19:22:00 +0000 2018,"Fox News presents the moving story of Dr. Krauthammer‚Äôs life: ""Charles Krauthammer: His Words"" ‚Äì Tonight at 8p ET. https://t.co/pkjP9iQU1I",7,FoxNews
-0.34,0.124,0.876,0.0,Sun Jun 24 19:15:18 +0000 2018,"Jason Riley: ""The [Supreme Court] sort of let Congress off the hook...Congress had avoided fixing this problem...be‚Ä¶ https://t.co/P7KAwHFnaf",8,FoxNews
0.0,0.0,1.0,0.0,Sun Jun 24 19:13:09 +0000 2018,Red Hen eateries feel the heat after Sarah Sanders booted from Virginia restaurant with same name https://t.co/F5s1VameWM,9,FoxNews
-0.3818,0.167,0.833,0.0,Sun Jun 24 19:03:00 +0000 2018,Michael Rapaport restrained American Airlines passenger who tried to open emergency door mid-flight https://t.co/Xmy8TUvb5y,10,FoxNews
0.6597,0.0,0.748,0.252,Sun Jun 24 19:02:15 +0000 2018,".@RichLowry remembers longtime Fox News contributor Charles Krauthammer: ""He was one of the great defenders of our‚Ä¶ https://t.co/UCleig9Mnq",11,FoxNews
0.0,0.0,1.0,0.0,Sun Jun 24 18:57:01 +0000 2018,FBI sends classified letter to House GOP on use of informants in Trump campaign https://t.co/o7KbSv0K3g,12,FoxNews
0.5574,0.0,0.705,0.295,Sun Jun 24 18:53:00 +0000 2018,McMaster hoping @realDonaldTrump visit will buoy his chances in South Carolina runoff https://t.co/D3IjjQOPvN,13,FoxNews
0.0,0.0,1.0,0.0,Sun Jun 24 18:44:46 +0000 2018,Statue of Toys 'R' Us mascot Geoffrey the Giraffe heading to children's hospital https://t.co/HGfHl3Nly3,14,FoxNews
-0.6249,0.17,0.83,0.0,Sun Jun 24 18:35:28 +0000 2018,"Former DHS Sec. Jeh Johnson: ""We have an underlying humanitarian crisis on our southern border that we must deal wi‚Ä¶ https://t.co/I8HAQQ0PE0",15,FoxNews
0.7096,0.0,0.763,0.237,Sun Jun 24 18:24:55 +0000 2018,".@RepMcCaul: ""I am the eternal optimist and I do think there are 218 Republicans that agree with the four pillars o‚Ä¶ https://t.co/gjvnNAefxt",16,FoxNews
0.0,0.0,1.0,0.0,Sun Jun 24 18:23:42 +0000 2018,".@RepMcCaul: ""The fact is, every Democrat voted against a very [I think] rational DACA fix."" #FoxNewsSunday‚Ä¶ https://t.co/yauRB0mBrf",17,FoxNews
0.128,0.0,0.923,0.077,Sun Jun 24 18:21:19 +0000 2018,".@RepMcCaul: ""Congress needs to act to close the legal loopholes that incentivize the coyotes to bring these childr‚Ä¶ https://t.co/P7TyL5TUpY",18,FoxNews
0.3612,0.0,0.828,0.172,Sun Jun 24 18:18:56 +0000 2018,'Sounds Like Donald Trump': Kaltbaum Calls Out Obama's Immigration Views from 2005 https://t.co/wsisiTkgyB,19,FoxNews
-0.3804,0.126,0.874,0.0,Sun Jun 24 19:51:41 +0000 2018,".@RealCandaceO on Trump staffers facing backlash: ""What this tells me is that the Left has absolutely lost control.‚Ä¶ https://t.co/K1auGmGNgJ",20,FoxNews
-0.8316,0.281,0.719,0.0,Sun Jun 24 19:44:24 +0000 2018,"RT @FoxNewsResearch: US War in Afghanistan:
‚Ä¢Began October 7, 2001
‚Ä¢Longest war in US history 
‚Ä¢Current troop level: ~15,000
‚Üí 3,000 more t‚Ä¶",21,FoxNews
0.0,0.0,1.0,0.0,Sun Jun 24 19:41:54 +0000 2018,".@POTUS: ""I don't believe any administration, any president, has come even close to doing what we've done in the fi‚Ä¶ https://t.co/ULkJfAYjeb",22,FoxNews
-0.5106,0.136,0.864,0.0,Sun Jun 24 19:35:34 +0000 2018,"John Murphy on retaliatory tariffs: ""The pain that it is going to inflict is going to be noticeable I think at a ne‚Ä¶ https://t.co/XzPEzHIXiC",23,FoxNews
0.3182,0.0,0.85,0.15,Sun Jun 24 19:35:12 +0000 2018,Border Patrol Union VP: Dem's Immigration Claims Couldn't Be 'Farther from the Truth' https://t.co/cS1FHWEQyq,24,FoxNews
0.0,0.0,1.0,0.0,Sun Jun 24 19:28:01 +0000 2018,Turkey President Erdogan holds big lead in elections https://t.co/aPLImPT4MB,25,FoxNews
0.0,0.0,1.0,0.0,Sun Jun 24 19:24:03 +0000 2018,RT @EricShawnTV: When will all the children be reunited with their parents? Can Congressional action speed up the process? I anchor at 4 pm‚Ä¶,26,FoxNews
0.0,0.0,1.0,0.0,Sun Jun 24 19:22:00 +0000 2018,"Fox News presents the moving story of Dr. Krauthammer‚Äôs life: ""Charles Krauthammer: His Words"" ‚Äì Tonight at 8p ET. https://t.co/pkjP9iQU1I",27,FoxNews
-0.34,0.124,0.876,0.0,Sun Jun 24 19:15:18 +0000 2018,"Jason Riley: ""The [Supreme Court] sort of let Congress off the hook...Congress had avoided fixing this problem...be‚Ä¶ https://t.co/P7KAwHFnaf",28,FoxNews
0.0,0.0,1.0,0.0,Sun Jun 24 19:13:09 +0000 2018,Red Hen eateries feel the heat after Sarah Sanders booted from Virginia restaurant with same name https://t.co/F5s1VameWM,29,FoxNews
-0.3818,0.167,0.833,0.0,Sun Jun 24 19:03:00 +0000 2018,Michael Rapaport restrained American Airlines passenger who tried to open emergency door mid-flight https://t.co/Xmy8TUvb5y,30,FoxNews
0.6597,0.0,0.748,0.252,Sun Jun 24 19:02:15 +0000 2018,".@RichLowry remembers longtime Fox News contributor Charles Krauthammer: ""He was one of the great defenders of our‚Ä¶ https://t.co/UCleig9Mnq",31,FoxNews
0.0,0.0,1.0,0.0,Sun Jun 24 18:57:01 +0000 2018,FBI sends classified letter to House GOP on use of informants in Trump campaign https://t.co/o7KbSv0K3g,32,FoxNews
0.5574,0.0,0.705,0.295,Sun Jun 24 18:53:00 +0000 2018,McMaster hoping @realDonaldTrump visit will buoy his chances in South Carolina runoff https://t.co/D3IjjQOPvN,33,FoxNews
0.0,0.0,1.0,0.0,Sun Jun 24 18:44:46 +0000 2018,Statue of Toys 'R' Us mascot Geoffrey the Giraffe heading to children's hospital https://t.co/HGfHl3Nly3,34,FoxNews
-0.6249,0.17,0.83,0.0,Sun Jun 24 18:35:28 +0000 2018,"Former DHS Sec. Jeh Johnson: ""We have an underlying humanitarian crisis on our southern border that we must deal wi‚Ä¶ https://t.co/I8HAQQ0PE0",35,FoxNews
0.7096,0.0,0.763,0.237,Sun Jun 24 18:24:55 +0000 2018,".@RepMcCaul: ""I am the eternal optimist and I do think there are 218 Republicans that agree with the four pillars o‚Ä¶ https://t.co/gjvnNAefxt",36,FoxNews
0.0,0.0,1.0,0.0,Sun Jun 24 18:23:42 +0000 2018,".@RepMcCaul: ""The fact is, every Democrat voted against a very [I think] rational DACA fix."" #FoxNewsSunday‚Ä¶ https://t.co/yauRB0mBrf",37,FoxNews
0.128,0.0,0.923,0.077,Sun Jun 24 18:21:19 +0000 2018,".@RepMcCaul: ""Congress needs to act to close the legal loopholes that incentivize the coyotes to bring these childr‚Ä¶ https://t.co/P7TyL5TUpY",38,FoxNews
0.3612,0.0,0.828,0.172,Sun Jun 24 18:18:56 +0000 2018,'Sounds Like Donald Trump': Kaltbaum Calls Out Obama's Immigration Views from 2005 https://t.co/wsisiTkgyB,39,FoxNews
0.0,0.0,1.0,0.0,Sun Jun 24 18:09:52 +0000 2018,House immigration reform bill. #FoxNewsSunday https://t.co/lgpmmPplyD,40,FoxNews
-0.4019,0.153,0.847,0.0,Sun Jun 24 17:57:49 +0000 2018,Dollywood sued for $2 million by mom who injured spinal cord on water park ride https://t.co/I4Tma6JOgM,41,FoxNews
-0.743,0.474,0.526,0.0,Sun Jun 24 17:51:26 +0000 2018,Explosion destroys building in Germany; 25 injured https://t.co/08i6GJOFhu https://t.co/FCdRMG5Di5,42,FoxNews
0.0,0.0,1.0,0.0,Sun Jun 24 17:43:52 +0000 2018,Red Hen eateries feel the heat after Sarah Sanders booted from Virginia restaurant with same name https://t.co/mCv5f61m8t,43,FoxNews
0.2732,0.0,0.851,0.149,Sun Jun 24 17:32:40 +0000 2018,"Sarah Sanders booted so restaurant could uphold 'certain standards,' co-owner says: report https://t.co/AAw9zwQ2R4",44,FoxNews
-0.3182,0.113,0.887,0.0,Sun Jun 24 17:31:44 +0000 2018,"RT @EricShawnTV: I anchor @FoxNews at 4pm EDT with @ArthelNeville: FBI official Peter Strozk's anti @POTUS @realDonaldTrump texts are ""deva‚Ä¶",45,FoxNews
0.0,0.0,1.0,0.0,Sun Jun 24 17:27:04 +0000 2018,.@MichelleObama says her memoir is a 're-humanization' effort https://t.co/cjEWqcubKU,46,FoxNews
0.0,0.0,1.0,0.0,Sun Jun 24 17:22:57 +0000 2018,"Fox News presents the moving story of Dr. Krauthammer‚Äôs life: ""Charles Krauthammer: His Words"" ‚Äì Tonight at 8p ET. https://t.co/1erdyE7aQo",47,FoxNews
0.4404,0.0,0.698,0.302,Sun Jun 24 17:12:14 +0000 2018,.@RepRussell: ‚ÄúLet‚Äôs fix legal immigration and let‚Äôs secure our border.‚Äù https://t.co/HjIAHIta4Z,48,FoxNews
0.0,0.0,1.0,0.0,Sun Jun 24 17:02:16 +0000 2018,Charles Krauthammer laid to rest today https://t.co/RU8AZ45fpd,49,FoxNews
0.296,0.186,0.515,0.299,Sun Jun 24 16:46:59 +0000 2018,'Free like a bird': Saudi women start driving as longstanding ban ends https://t.co/HeD1vbhKjI https://t.co/yWBKEingiS,50,FoxNews
0.1139,0.0,0.893,0.107,Sun Jun 24 16:33:00 +0000 2018,"TONIGHT: Don't miss @TheRealJohnHCox, @HeyTammyBruce, @TezlynFigaro, and Shelby Steele from @HooverInst on‚Ä¶ https://t.co/CtofPiZDub",51,FoxNews
0.7557,0.0,0.695,0.305,Sun Jun 24 16:23:00 +0000 2018,"‚ÄòDespair and Hope in America: Fox News Investigates‚Äô ‚Äì Don't miss part three of this special series on ‚ÄòFox Report,‚Ä¶ https://t.co/9fS86JrGLn",52,FoxNews
0.0,0.0,1.0,0.0,Sun Jun 24 16:21:49 +0000 2018,".@RepArrington: ‚ÄúWe need to keep the families together, that‚Äôs why Congress has to act. The president is doing what‚Ä¶ https://t.co/7Kn0aM5XPO",53,FoxNews
-0.4767,0.22,0.78,0.0,Sun Jun 24 16:18:13 +0000 2018,".@RepArrington: ‚ÄúUltimately, it‚Äôs on Congress to fix our broken immigration process.‚Äù https://t.co/J65tCzLdBO",54,FoxNews
-0.4939,0.412,0.588,0.0,Sun Jun 24 16:16:22 +0000 2018,Thousands protest amid immigration confusion; @Jeff_Journalist reports https://t.co/QPpugxRGmh,55,FoxNews
0.8192,0.07,0.622,0.309,Sun Jun 24 16:09:42 +0000 2018,BEAUTIFUL: A mother is brought to tears of joy when her one-year-old daughter reacts to hearing sound for the first‚Ä¶ https://t.co/dxcKIYlpnY,56,FoxNews
0.0,0.0,1.0,0.0,Sun Jun 24 16:04:55 +0000 2018,.@HowardKurtz on the legacy of Charles Krauthammer https://t.co/Q6UvwAgj6V,57,FoxNews
-0.802,0.375,0.625,0.0,Sun Jun 24 15:46:29 +0000 2018,US Navy IDs pilot killed in crash at New Mexico Air Force base https://t.co/R9MVCOsbIc,58,FoxNews
-0.6705,0.273,0.727,0.0,Sun Jun 24 15:41:31 +0000 2018,New video shows woman trying to resist YouTube stunt that killed boyfriend https://t.co/keSpcaNu0T,59,FoxNews
0.0,0.0,1.0,0.0,Sun Jun 24 15:22:00 +0000 2018,"Fox News presents the moving story of Dr. Krauthammer‚Äôs life: ""Charles Krauthammer: His Words"" ‚Äì Tonight at 8p ET. https://t.co/IKYWaHI0wV",60,FoxNews
-0.3182,0.168,0.733,0.099,Sun Jun 24 15:13:48 +0000 2018,"Veteran's small business is gifted $15,000 worth of lawn equipment after his gear is stolen https://t.co/xwWUPZrH91",61,FoxNews
0.296,0.0,0.896,0.104,Sun Jun 24 15:08:00 +0000 2018,"Rabbi Evan Moffic: ‚ÄúIf we can‚Äôt share a meal together, if we can‚Äôt take a picture together and break bread together‚Ä¶ https://t.co/qlh8sJhlL7",62,FoxNews
-0.25,0.25,0.75,0.0,Sun Jun 24 15:02:00 +0000 2018,Report: North Korea Erasing Anti-U.S. Propaganda https://t.co/4lcyis6cKq,63,FoxNews
0.7506,0.0,0.584,0.416,Sun Jun 24 14:56:10 +0000 2018,U.S. Army Honors Country Music Singer With Civilian Service Medal https://t.co/vbzDjadNA8,64,FoxNews
0.2686,0.146,0.595,0.259,Sun Jun 24 14:45:50 +0000 2018,McCaul optimistic immigration bill will pass House despite Trump's lament about 'wasting time' https://t.co/0x7tqjg2sF,65,FoxNews
-0.3919,0.128,0.872,0.0,Sun Jun 24 14:42:09 +0000 2018,.@RepPeteKing: ‚ÄúI am totally opposed to sanctuary cities but under Bob Goodlatte‚Äôs bill it would‚Äôve cut off funding‚Ä¶ https://t.co/sKdUrD2RHj,66,FoxNews
0.0,0.0,1.0,0.0,Sun Jun 24 14:38:34 +0000 2018,".@RepGoodlatte: ‚ÄúPeople are figuring out the loopholes, we‚Äôve got to close those.‚Äù #SundayFutures @MariaBartiromo https://t.co/VLu7HuyJTl",67,FoxNews
-0.2244,0.106,0.894,0.0,Sun Jun 24 14:38:00 +0000 2018,TONIGHT: Don‚Äôt miss ‚ÄúFox Report with Jon Scott‚Äù at 6p ET on Fox News Channel! @JonScottFNC https://t.co/5CDPopdFQ1,68,FoxNews
0.2144,0.0,0.902,0.098,Sun Jun 24 14:32:16 +0000 2018,".@RepGoodlatte: ‚ÄúThere have been questions raised about the special counsel, but I have always said that they shoul‚Ä¶ https://t.co/Mwnie27QTv",69,FoxNews
0.0,0.0,1.0,0.0,Sun Jun 24 14:15:05 +0000 2018,Woman dubbed '#PermitPatty' appears to call cops on 8-year-old girl selling water in viral video https://t.co/w6H6DSnu3K,70,FoxNews
-0.3867,0.143,0.79,0.067,Sun Jun 24 14:10:00 +0000 2018,"TONIGHT: Don't miss ""Life, Liberty, &amp; Levin"" with @marklevinshow - Tune in at 10p ET on Fox News Channel! https://t.co/Z3yYi0I1kG",71,FoxNews
0.5106,0.0,0.752,0.248,Sun Jun 24 14:09:16 +0000 2018,Maldives resorts fed up with Instagram models requesting free stays https://t.co/6fomUHtcTe,72,FoxNews
0.0,0.0,1.0,0.0,Sun Jun 24 14:05:44 +0000 2018,Eggo waffle sales are dwindling during ‚ÄòStranger Things‚Äô hiatus https://t.co/MOvQzml5bL,73,FoxNews
0.1796,0.103,0.718,0.179,Sun Jun 24 13:52:35 +0000 2018,"RT @FoxNewsSunday: .@RepMcCaul suggests ""zero tolerance"" policy may be revisited: ""It‚Äôs very unclear how this executive order's playing out‚Ä¶",74,FoxNews
0.5106,0.0,0.645,0.355,Sun Jun 24 13:45:57 +0000 2018,U.S. Army Honors Country Star @cmorganmusic https://t.co/SCEJioC8Ri,75,FoxNews
0.0,0.0,1.0,0.0,Sun Jun 24 13:41:07 +0000 2018,Michelle Obama says her memoir is a 're-humanization' effort https://t.co/cjEWqcubKU,76,FoxNews
0.4019,0.0,0.787,0.213,Sun Jun 24 13:28:31 +0000 2018,RT @FoxBusiness: Sam Adams teams to support veteran-owned small businesses https://t.co/WAccGlFt2c,77,FoxNews
0.0,0.0,1.0,0.0,Sun Jun 24 13:16:12 +0000 2018,Charles Krauthammer to be laid to rest today https://t.co/xCL2PcxoFn https://t.co/qQ6o1fRAIM,78,FoxNews
0.2023,0.155,0.634,0.211,Sun Jun 24 13:14:39 +0000 2018,'Fixer Upper' stars Chip and Joanna Gaines welcome baby No. 5 https://t.co/J3Qef9MBrA,79,FoxNews
-0.25,0.095,0.905,0.0,Sun Jun 24 12:54:03 +0000 2018,"Michael Malice: ‚ÄúI think if they are starting to take down anti-U.S. propaganda, this would be a major step towards‚Ä¶ https://t.co/hlsi6wZeTX",80,FoxNews
0.296,0.0,0.896,0.104,Sun Jun 24 12:47:22 +0000 2018,"Rabbi Evan Moffic: ‚ÄúIf we can‚Äôt share a meal together, if we can‚Äôt take a picture together and break bread together‚Ä¶ https://t.co/Wq7PUhdZB5",81,FoxNews
0.296,0.196,0.489,0.315,Sun Jun 24 12:43:47 +0000 2018,'Free like a bird': Saudi women start driving as longstanding ban ends https://t.co/HeD1vbhKjI,82,FoxNews
-0.4767,0.22,0.78,0.0,Sun Jun 24 12:33:04 +0000 2018,Priest suspended after viral video shows him slapping baby during baptism https://t.co/m2Dvr3GP0w,83,FoxNews
0.7557,0.0,0.695,0.305,Sun Jun 24 12:23:00 +0000 2018,"‚ÄòDespair and Hope in America: Fox News Investigates‚Äô ‚Äì Don't miss part three of this special series on ‚ÄòFox Report,‚Ä¶ https://t.co/2Pg8SxPlsp",84,FoxNews
0.2732,0.0,0.851,0.149,Sun Jun 24 12:19:30 +0000 2018,"Sarah Sanders booted so restaurant could uphold 'certain standards,' co-owner says: report https://t.co/AAw9zwQ2R4",85,FoxNews
-0.8271,0.42,0.483,0.097,Sun Jun 24 11:58:26 +0000 2018,Cop killer who murdered New York police officer in 1973 granted parole https://t.co/sXmCUKqko1,86,FoxNews
0.0,0.0,1.0,0.0,Sun Jun 24 11:49:13 +0000 2018,Alligator goes for a swim at Florida beach https://t.co/v764I8DRNP,87,FoxNews
0.0191,0.073,0.85,0.077,Sun Jun 24 11:37:00 +0000 2018,TODAY: Don't miss @RepMcCaul's exclusive interview on @FoxNewsSunday. Check your local listings and tune in to Fox‚Ä¶ https://t.co/K9zumNTkf9,88,FoxNews
-0.3182,0.168,0.733,0.099,Sun Jun 24 11:36:42 +0000 2018,"Veteran's small business is gifted $15,000 worth of lawn equipment after his gear is stolen https://t.co/xwWUPZa6ht",89,FoxNews
-0.743,0.512,0.488,0.0,Sun Jun 24 11:29:46 +0000 2018,Explosion destroys building in Germany; 25 injured https://t.co/08i6GJOFhu,90,FoxNews
-0.5859,0.257,0.743,0.0,Sun Jun 24 11:25:55 +0000 2018,World's Ugliest Dog title goes to English bulldog named Zsa Zsa https://t.co/ULzFTGFgc1,91,FoxNews
0.0,0.0,1.0,0.0,Sun Jun 24 11:23:20 +0000 2018,.@henrymcmaster: ‚ÄúWe‚Äôre pulling for her. Katie‚Ä¶ she‚Äôs a real fighter.‚Äù https://t.co/LF1KRUe30M https://t.co/SUVaFiqatJ,92,FoxNews
0.0,0.0,1.0,0.0,Sun Jun 24 11:17:35 +0000 2018,"Fox News presents the moving story of Dr. Krauthammer‚Äôs life: ""Charles Krauthammer: His Words"" ‚Äì Tonight at 8p ET. https://t.co/DNuFs4zD3c",93,FoxNews
-0.5574,0.265,0.735,0.0,Sun Jun 24 11:17:03 +0000 2018,Saudi women are now driving as longstanding ban ends https://t.co/l96yWpjWDn https://t.co/ocG39vPi8Z,94,FoxNews
0.7717,0.0,0.729,0.271,Sun Jun 24 11:13:12 +0000 2018,Richard Slider on meeting with @POTUS at economic roundtable: ‚ÄúWe were honored and privileged to be there with the‚Ä¶ https://t.co/vAKI1tGcjV,95,FoxNews
-0.25,0.25,0.75,0.0,Sun Jun 24 10:43:37 +0000 2018,Report: North Korea Erasing Anti-U.S. Propaganda https://t.co/rTb4PWRn88,96,FoxNews
-0.0516,0.167,0.833,0.0,Sun Jun 24 10:40:14 +0000 2018,President @realDonaldTrump backs @SenDeanHeller in Nevada https://t.co/4cqCOgKcoe,97,FoxNews
-0.296,0.167,0.833,0.0,Sun Jun 24 10:34:14 +0000 2018,"'No Way, Man': @Sethrogen Says He Turned Down Photo With @SpeakerRyan https://t.co/VszLIf1ztI",98,FoxNews
0.0,0.0,1.0,0.0,Sun Jun 24 10:21:57 +0000 2018,.@jasoninthehouse: ‚ÄúThe democrats have embraced the principles of the resistance movement. It‚Äôs about a scorched ea‚Ä¶ https://t.co/OrQz7kcTyf,99,FoxNews
0.4215,0.0,0.877,0.123,Sun Jun 24 19:45:05 +0000 2018,"Parents of more than 2,300 children who were separated after their arrival in the United States now face lengthy bu‚Ä¶ https://t.co/lG5HBTEssV",0,nytimes
-0.3612,0.128,0.872,0.0,Sun Jun 24 19:30:05 +0000 2018,Dino-mite? Not quite. But ‚ÄúJurassic World: Fallen Kingdom‚Äù arrived to a still-huge $150 million in ticket sales ove‚Ä¶ https://t.co/JGqDeegAmm,1,nytimes
0.7506,0.0,0.748,0.252,Sun Jun 24 19:15:01 +0000 2018,"In Opinion

Op-Ed contributor Sonia Nazario writes, ""Law and order can go hand in hand with humanity. It‚Äôs the Amer‚Ä¶ https://t.co/ynUZpG2jvF",2,nytimes
0.25,0.0,0.909,0.091,Sun Jun 24 19:00:05 +0000 2018,‚ÄúWe now have concrete evidence that Scott Pruitt offered to use taxpayer resources to do favors for the lobbyist wh‚Ä¶ https://t.co/VzSsORzuKD,3,nytimes
0.0,0.0,1.0,0.0,Sun Jun 24 18:45:04 +0000 2018,"President Recep Tayyip Erdogan was leading Sunday in early balloting for the presidency, with 55 percent of the vot‚Ä¶ https://t.co/XWNUxmvIgR",4,nytimes
0.2263,0.0,0.909,0.091,Sun Jun 24 18:30:08 +0000 2018,"As he eyes a 2020 presidential run, Bernie Sanders is gaining traction among Democrats for his ideas, but having tr‚Ä¶ https://t.co/o3LJS62zDF",5,nytimes
0.0,0.0,1.0,0.0,Sun Jun 24 18:15:05 +0000 2018,"‚ÄúWhat country are you a citizen of?"" the Border Patrol agent asked a driver at a highway checkpoint in Maine https://t.co/6oVSbYD2zO",6,nytimes
0.0,0.0,1.0,0.0,Sun Jun 24 18:00:10 +0000 2018,"As school shootings mount ‚Äî more than 200 have occurred since the one in Newtown, Conn., in 2012 ‚Äî educators face t‚Ä¶ https://t.co/ogUTp7iLeB",7,nytimes
0.0,0.0,1.0,0.0,Sun Jun 24 17:45:05 +0000 2018,"Everyone who ever spent even a few minutes with Obama, it seems, has written a book about it https://t.co/A4k099SlVk",8,nytimes
0.3464,0.065,0.803,0.132,Sun Jun 24 17:30:17 +0000 2018,President Trump suggested sending people who ‚Äúinvade‚Äù the United States ‚Äúback from where they came‚Äù without legal p‚Ä¶ https://t.co/QB1pcQY9FX,9,nytimes
0.2023,0.0,0.833,0.167,Sun Jun 24 17:15:03 +0000 2018,"Here are the week‚Äôs top stories, and a look ahead https://t.co/O9yP5DbHux",10,nytimes
0.1901,0.0,0.911,0.089,Sun Jun 24 17:00:13 +0000 2018,"U.S. politicians talk a lot about the importance of families, but their policies don't match up to their words https://t.co/y9xW0GrzGr",11,nytimes
0.296,0.107,0.738,0.156,Sun Jun 24 16:45:10 +0000 2018,"Colombia, a team many thought could win the Group H, will look to rebound after losing its opener to Japan https://t.co/F28DqKpOWx",12,nytimes
0.0258,0.0,0.942,0.058,Sun Jun 24 16:30:12 +0000 2018,Tens of thousands of Britons opposed to the country‚Äôs withdrawal from the European Union marched through the street‚Ä¶ https://t.co/lSR9QKbdcF,13,nytimes
0.0,0.0,1.0,0.0,Sun Jun 24 16:15:07 +0000 2018,"Under President Trump, once stately medallions have gotten glitzier, and at least one featured a Trump property https://t.co/SiId7NtLU2",14,nytimes
-0.1923,0.226,0.632,0.143,Sun Jun 24 16:01:19 +0000 2018,"RT @NYTStyles: Every day is so wonderful
Then suddenly 
It's hard to breathe
Now and then I get insecure 
From all the pain
I'm so ashamed‚Ä¶",15,nytimes
-0.1531,0.074,0.926,0.0,Sun Jun 24 16:00:04 +0000 2018,"Prince William has kicked off a ""historic"" visit to the Middle East, with planned stops in Jordan, Israel and the P‚Ä¶ https://t.co/Gpdq2TvOQ8",16,nytimes
0.6705,0.141,0.575,0.284,Sun Jun 24 15:55:29 +0000 2018,"@NYTStyles You are beautiful
No matter what they say
Words can't bring you down
Oh no
You are beautiful
In every si‚Ä¶ https://t.co/g75JRurQMj",17,nytimes
0.0,0.0,1.0,0.0,Sun Jun 24 15:45:06 +0000 2018,"In Opinion

Op-Ed columnist @MaureenDowd writes, ""Donald and Ivanka are consumed with protecting their own brands.‚Ä¶ https://t.co/K4qjgTQsmx",18,nytimes
0.0,0.0,1.0,0.0,Sun Jun 24 15:30:04 +0000 2018,The federal government said it had reunited 522 migrant children who were separated at the border as part of Presid‚Ä¶ https://t.co/WXpZnDyfA3,19,nytimes
0.4215,0.0,0.877,0.123,Sun Jun 24 19:45:05 +0000 2018,"Parents of more than 2,300 children who were separated after their arrival in the United States now face lengthy bu‚Ä¶ https://t.co/lG5HBTEssV",20,nytimes
-0.3612,0.128,0.872,0.0,Sun Jun 24 19:30:05 +0000 2018,Dino-mite? Not quite. But ‚ÄúJurassic World: Fallen Kingdom‚Äù arrived to a still-huge $150 million in ticket sales ove‚Ä¶ https://t.co/JGqDeegAmm,21,nytimes
0.7506,0.0,0.748,0.252,Sun Jun 24 19:15:01 +0000 2018,"In Opinion

Op-Ed contributor Sonia Nazario writes, ""Law and order can go hand in hand with humanity. It‚Äôs the Amer‚Ä¶ https://t.co/ynUZpG2jvF",22,nytimes
0.25,0.0,0.909,0.091,Sun Jun 24 19:00:05 +0000 2018,‚ÄúWe now have concrete evidence that Scott Pruitt offered to use taxpayer resources to do favors for the lobbyist wh‚Ä¶ https://t.co/VzSsORzuKD,23,nytimes
0.0,0.0,1.0,0.0,Sun Jun 24 18:45:04 +0000 2018,"President Recep Tayyip Erdogan was leading Sunday in early balloting for the presidency, with 55 percent of the vot‚Ä¶ https://t.co/XWNUxmvIgR",24,nytimes
0.2263,0.0,0.909,0.091,Sun Jun 24 18:30:08 +0000 2018,"As he eyes a 2020 presidential run, Bernie Sanders is gaining traction among Democrats for his ideas, but having tr‚Ä¶ https://t.co/o3LJS62zDF",25,nytimes
0.0,0.0,1.0,0.0,Sun Jun 24 18:15:05 +0000 2018,"‚ÄúWhat country are you a citizen of?"" the Border Patrol agent asked a driver at a highway checkpoint in Maine https://t.co/6oVSbYD2zO",26,nytimes
0.0,0.0,1.0,0.0,Sun Jun 24 18:00:10 +0000 2018,"As school shootings mount ‚Äî more than 200 have occurred since the one in Newtown, Conn., in 2012 ‚Äî educators face t‚Ä¶ https://t.co/ogUTp7iLeB",27,nytimes
0.0,0.0,1.0,0.0,Sun Jun 24 17:45:05 +0000 2018,"Everyone who ever spent even a few minutes with Obama, it seems, has written a book about it https://t.co/A4k099SlVk",28,nytimes
0.3464,0.065,0.803,0.132,Sun Jun 24 17:30:17 +0000 2018,President Trump suggested sending people who ‚Äúinvade‚Äù the United States ‚Äúback from where they came‚Äù without legal p‚Ä¶ https://t.co/QB1pcQY9FX,29,nytimes
0.2023,0.0,0.833,0.167,Sun Jun 24 17:15:03 +0000 2018,"Here are the week‚Äôs top stories, and a look ahead https://t.co/O9yP5DbHux",30,nytimes
0.1901,0.0,0.911,0.089,Sun Jun 24 17:00:13 +0000 2018,"U.S. politicians talk a lot about the importance of families, but their policies don't match up to their words https://t.co/y9xW0GrzGr",31,nytimes
0.296,0.107,0.738,0.156,Sun Jun 24 16:45:10 +0000 2018,"Colombia, a team many thought could win the Group H, will look to rebound after losing its opener to Japan https://t.co/F28DqKpOWx",32,nytimes
0.0258,0.0,0.942,0.058,Sun Jun 24 16:30:12 +0000 2018,Tens of thousands of Britons opposed to the country‚Äôs withdrawal from the European Union marched through the street‚Ä¶ https://t.co/lSR9QKbdcF,33,nytimes
0.0,0.0,1.0,0.0,Sun Jun 24 16:15:07 +0000 2018,"Under President Trump, once stately medallions have gotten glitzier, and at least one featured a Trump property https://t.co/SiId7NtLU2",34,nytimes
-0.1923,0.226,0.632,0.143,Sun Jun 24 16:01:19 +0000 2018,"RT @NYTStyles: Every day is so wonderful
Then suddenly 
It's hard to breathe
Now and then I get insecure 
From all the pain
I'm so ashamed‚Ä¶",35,nytimes
-0.1531,0.074,0.926,0.0,Sun Jun 24 16:00:04 +0000 2018,"Prince William has kicked off a ""historic"" visit to the Middle East, with planned stops in Jordan, Israel and the P‚Ä¶ https://t.co/Gpdq2TvOQ8",36,nytimes
0.6705,0.141,0.575,0.284,Sun Jun 24 15:55:29 +0000 2018,"@NYTStyles You are beautiful
No matter what they say
Words can't bring you down
Oh no
You are beautiful
In every si‚Ä¶ https://t.co/g75JRurQMj",37,nytimes
0.0,0.0,1.0,0.0,Sun Jun 24 15:45:06 +0000 2018,"In Opinion

Op-Ed columnist @MaureenDowd writes, ""Donald and Ivanka are consumed with protecting their own brands.‚Ä¶ https://t.co/K4qjgTQsmx",38,nytimes
0.0,0.0,1.0,0.0,Sun Jun 24 15:30:04 +0000 2018,The federal government said it had reunited 522 migrant children who were separated at the border as part of Presid‚Ä¶ https://t.co/WXpZnDyfA3,39,nytimes
-0.3612,0.111,0.889,0.0,Sun Jun 24 15:15:10 +0000 2018,Japan takes on Senegal in a Group H match between 2 underdogs who pulled off upsets in their first games of this Wo‚Ä¶ https://t.co/MNcWYoZR92,40,nytimes
-0.25,0.154,0.732,0.114,Sun Jun 24 15:00:05 +0000 2018,"The World‚Äôs Ugliest Dog contest is actually a celebration of the dogs, many of which were rescued from shelters or‚Ä¶ https://t.co/dwpcORBEVR",41,nytimes
0.2023,0.0,0.899,0.101,Sun Jun 24 14:45:06 +0000 2018,"Jared Kushner, President Trump‚Äôs top adviser on the Middle East, told a Palestinian newspaper that the Palestinian‚Ä¶ https://t.co/z4lZlGAB6B",42,nytimes
0.0,0.0,1.0,0.0,Sun Jun 24 14:37:41 +0000 2018,"The first goal in England‚Äôs 6-1 rout of Panama was instructive, and in retrospect a preview of what was to come https://t.co/0jv7GWveWb",43,nytimes
0.0,0.0,1.0,0.0,Sun Jun 24 14:30:14 +0000 2018,"During a visit to Nevada, President Trump delivered a message he has repeated at rallies for weeks: ‚ÄúWe need more R‚Ä¶ https://t.co/FE5Ytmi594",44,nytimes
0.0,0.0,1.0,0.0,Sun Jun 24 14:20:08 +0000 2018,RT @patrickhealynyt: A Red Wave? Here‚Äôs some of what we do know: Trump voters have become a resilient force for 2018. The more he‚Äôs attacke‚Ä¶,45,nytimes
0.3612,0.0,0.902,0.098,Sun Jun 24 14:08:13 +0000 2018,"RT @nytvideo: What does an election look like when democracy‚Äôs very survival is in question? To find out, we came to Turkey, where Presiden‚Ä¶",46,nytimes
0.0,0.0,1.0,0.0,Sun Jun 24 14:02:00 +0000 2018,@nytimesbusiness @nytimesworld @NYTNational @NYTStyles @NYTMetro Amid shifting global terrain for the LGBTQ communi‚Ä¶ https://t.co/zdYgVnFsUD,47,nytimes
0.5423,0.0,0.816,0.184,Sun Jun 24 13:48:47 +0000 2018,"@NYTStyles @NYTMetro The nature of Pride has changed as well. In 2018, The Times has been telling stories of how qu‚Ä¶ https://t.co/WJMCDn1vUf",48,nytimes
-0.6808,0.228,0.772,0.0,Sun Jun 24 13:39:00 +0000 2018,The word ‚Äúgay‚Äù was banned from The Times five years later ‚Äî because of an article that upset the publisher's 82-yea‚Ä¶ https://t.co/FGwAtPcQmL,49,nytimes
0.34,0.0,0.893,0.107,Sun Jun 24 13:35:42 +0000 2018,"New York City‚Äôs annual Pride parade, which takes place today, got its start in 1970, a year after the Stonewall rio‚Ä¶ https://t.co/oynpIV417d",50,nytimes
-0.5994,0.17,0.83,0.0,Sun Jun 24 13:30:15 +0000 2018,How big a deal is a trade war with China? It depends very much on which products you are talking about. https://t.co/JuL5YbaWam,51,nytimes
0.0,0.0,1.0,0.0,Sun Jun 24 13:12:03 +0000 2018,"RT @nytlizrobbins: Inside a New York state-regulated facility for young immigrants, some recently separated from their parents at the borde‚Ä¶",52,nytimes
-0.3612,0.183,0.699,0.118,Sun Jun 24 13:00:10 +0000 2018,"A new pattern of behavior in domestic abuse cases is tied to smart home technology. Internet-connected locks, speak‚Ä¶ https://t.co/JHPHPriX5r",53,nytimes
0.0,0.0,1.0,0.0,Sun Jun 24 12:43:20 +0000 2018,The ABCs of L.G.B.T.Q.I.A.+ https://t.co/ztSIXxTlL8,54,nytimes
0.3818,0.078,0.781,0.141,Sun Jun 24 12:30:11 +0000 2018,"5 years ago, the Supreme Court struck down a key part of the Voting Rights Act. Since then, it's become harder to v‚Ä¶ https://t.co/7B6xAbFF9D",55,nytimes
0.0,0.0,1.0,0.0,Sun Jun 24 12:00:40 +0000 2018,England vs. Panama: World Cup 2018 Live https://t.co/NJdB4CvONd,56,nytimes
0.4173,0.0,0.872,0.128,Sun Jun 24 12:00:07 +0000 2018,"RT @abbygoodnough: She treats diabetes, rashes, strep throat - and opioid addiction. The country needs many more doctors like her. https://‚Ä¶",57,nytimes
0.4404,0.0,0.884,0.116,Sun Jun 24 11:30:09 +0000 2018,"75% of Americans say immigration is good for the nation, the most to say so since at least 2001, according to a new‚Ä¶ https://t.co/VnJwL8aZss",58,nytimes
0.0,0.0,1.0,0.0,Sun Jun 24 11:00:06 +0000 2018,"As the numbers show, there is a stark disconnect between Trump's border rhetoric and the reality of life in border‚Ä¶ https://t.co/HhaRSRU3Hq",59,nytimes
0.4215,0.0,0.763,0.237,Sun Jun 24 10:38:32 +0000 2018,"A Space Force? The Idea May Have Merit, Some Say https://t.co/bJMjH70Wfz",60,nytimes
0.4939,0.0,0.738,0.262,Sun Jun 24 10:36:26 +0000 2018,Travel Tips: 5 Tips to Enjoy a Tween- and Teen-Friendly Vacation https://t.co/lCufX0BWQ1,61,nytimes
0.0,0.0,1.0,0.0,Sun Jun 24 10:30:08 +0000 2018,"""That‚Äôs what I do, is deals,"" President Trump said one day last month. Except that so far he has not. https://t.co/sdOOsqy3MW",62,nytimes
0.128,0.0,0.923,0.077,Sun Jun 24 10:00:13 +0000 2018,"Trump voters have become a resilient force for the midterms. They leap to his defense, they say, because criticism‚Ä¶ https://t.co/STaUp7dw68",63,nytimes
0.0,0.0,1.0,0.0,Sun Jun 24 09:40:32 +0000 2018,RT @NYTFashion: Now THAT'S what I call sustainable fashion https://t.co/R4GH37YfpO,64,nytimes
0.0,0.0,1.0,0.0,Sun Jun 24 09:24:15 +0000 2018,‚ÄúWe‚Äôve seen more nonstate armed groups emerge in the last 7 years than in the previous 70 years‚Äù https://t.co/VZDCzdUeGn,65,nytimes
0.0,0.0,1.0,0.0,Sun Jun 24 09:07:35 +0000 2018,Michael Jackson‚Äôs estate is developing a Broadway-bound bio-musical https://t.co/PsdtC7XUex,66,nytimes
0.0,0.0,1.0,0.0,Sun Jun 24 08:50:06 +0000 2018,The Final Hours of the Iceman‚Äôs Tools https://t.co/mHvUecy4Al,67,nytimes
0.2263,0.0,0.84,0.16,Sun Jun 24 08:41:49 +0000 2018,Instagram will now allow videos up to an hour long https://t.co/AFIYEcBvxJ,68,nytimes
0.0,0.0,1.0,0.0,Sun Jun 24 08:25:10 +0000 2018,Jacinda Ardern is the first world leader in almost 3 decades to give birth while in office https://t.co/0kGjBzZjSv,69,nytimes
0.296,0.0,0.784,0.216,Sun Jun 24 08:08:21 +0000 2018,"Nina Simone's childhood home is now a National Treasure
https://t.co/U51a577uKM",70,nytimes
-0.34,0.211,0.789,0.0,Sun Jun 24 07:51:30 +0000 2018,"‚ÄúAnd Italian Roma?"" Unfortunately we have to keep them."" https://t.co/EktnnC1d9h",71,nytimes
-0.3291,0.15,0.85,0.0,Sun Jun 24 07:34:48 +0000 2018,"The Warped Tour has showcased female stars over the years, including No Doubt, Katy Perry and Paramore, but its gen‚Ä¶ https://t.co/9yscZYH4rA",72,nytimes
-0.34,0.145,0.855,0.0,Sun Jun 24 07:18:19 +0000 2018,RT @nytimesworld: Tens of thousands of anti-Brexit protesters gathered in London to demand citizens have a say in the final Brexit deal  ht‚Ä¶,73,nytimes
0.4404,0.0,0.838,0.162,Sun Jun 24 07:01:39 +0000 2018,Why train travel is a good way to go when you're bringing your dog along https://t.co/BX4yEWnI1x https://t.co/bEXighUTO1,74,nytimes
0.2023,0.0,0.833,0.167,Sun Jun 24 06:28:12 +0000 2018,How Apple‚Äôs Tim Cook became tech‚Äôs top diplomat https://t.co/fVIKblQtdX https://t.co/3OnD0OH5Sy,75,nytimes
0.0,0.0,1.0,0.0,Sun Jun 24 06:11:35 +0000 2018,"The World Cup fans descended on Volgograd, Russia. Then the bugs descended on them. https://t.co/6ozvd28Mtf",76,nytimes
-0.5994,0.157,0.843,0.0,Sun Jun 24 05:54:46 +0000 2018,RT @Neil_Irwin: What does a trade war with China mean in practical terms? It depends a lot on the microeconomics of each particular product‚Ä¶,77,nytimes
-0.5574,0.135,0.865,0.0,Sun Jun 24 05:38:12 +0000 2018,"RT @nytimesworld: Kim Jong-pil, who died Saturday at 92, was the last of the ‚ÄúThree Kims‚Äù who dominated South Korean politics for decades h‚Ä¶",78,nytimes
0.25,0.0,0.875,0.125,Sun Jun 24 05:21:30 +0000 2018,The current system favors low-risk research and proposals by older scientists and white men https://t.co/wC26bswhk3,79,nytimes
0.0,0.0,1.0,0.0,Sun Jun 24 05:05:00 +0000 2018,Astronomers have discovered thousands of exoplanets circling other stars within our galaxy. Is life only possible o‚Ä¶ https://t.co/v4wzfQLnrg,80,nytimes
0.7096,0.0,0.763,0.237,Sun Jun 24 04:49:02 +0000 2018,Few primary care doctors are willing to do what Nicole Gastala does: treat patients who are addicted to opioid pain‚Ä¶ https://t.co/Km6d1PJMmE,81,nytimes
0.8109,0.0,0.731,0.269,Sun Jun 24 04:39:03 +0000 2018,"""YES WE ALL CARE. Y-DON‚ÄôT-U.""

See some of the messages that people are painting and taping on their jackets in res‚Ä¶ https://t.co/kMHsVfe0LQ",82,nytimes
0.3818,0.0,0.86,0.14,Sun Jun 24 04:28:04 +0000 2018,"""I hoped I would experience this one day. But I never thought it would happen in my lifetime."" https://t.co/gsYGXOMLUz",83,nytimes
0.296,0.0,0.804,0.196,Sun Jun 24 04:21:07 +0000 2018,U.S. Government Reunites 522 Children Removed Under 'Zero Tolerance' https://t.co/VobVBA1VAL,84,nytimes
0.0,0.0,1.0,0.0,Sun Jun 24 04:16:05 +0000 2018,Elizabeth Warren denounced President Trump's policies in Reno. Hours later he responded in Las Vegas with a slur. S‚Ä¶ https://t.co/FpisO0R6E5,85,nytimes
0.3182,0.0,0.897,0.103,Sun Jun 24 04:01:47 +0000 2018,"-Men‚Äôs earnings increase by 6% when they become fathers
-A woman's hourly wages decrease by 4% with each child

(Th‚Ä¶ https://t.co/KSiQWRXymq",86,nytimes
-0.1531,0.195,0.678,0.127,Sun Jun 24 03:44:01 +0000 2018,"""The kingdom has fallen. The park is gone. Welcome to the petting zoo,"" our critic A.O. Scott writes. https://t.co/KVReZSg6le",87,nytimes
-0.296,0.104,0.896,0.0,Sun Jun 24 03:27:19 +0000 2018,"For the past 3 years, she hasn‚Äôt been able to keep anything down. There‚Äôs no evidence of a parasitic infection, and‚Ä¶ https://t.co/WqpPLPiIIX",88,nytimes
-0.4404,0.182,0.818,0.0,Sun Jun 24 03:08:10 +0000 2018,Elizabeth Warren Condemned Trump in Reno. He Answered in Las Vegas With a Slur. https://t.co/imWIdFqGjF,89,nytimes
0.6369,0.0,0.769,0.231,Sun Jun 24 03:05:46 +0000 2018,"This year‚Äôs list of the World‚Äôs 50 Best Restaurants was revealed in Bilbao, Spain https://t.co/1bS05P4lal",90,nytimes
-0.128,0.092,0.837,0.072,Sun Jun 24 02:49:19 +0000 2018,"Scientists are desperate to solve the puzzle. If the answer isn‚Äôt found soon, then 32 years of work to end the scou‚Ä¶ https://t.co/5k602GHJbr",91,nytimes
-0.6429,0.236,0.764,0.0,Sun Jun 24 02:33:03 +0000 2018,"‚ÄúI‚Äôm not 20. I don‚Äôt want to be 20, but I‚Äôm really freaking cool.‚Äù Meet the grandmas of Instagram. https://t.co/dUtRWwRlvP",92,nytimes
0.0,0.0,1.0,0.0,Sun Jun 24 02:14:10 +0000 2018,"New Zealand‚Äôs Leader, Jacinda Ardern, Introduces Baby Daughter https://t.co/nqmEnV1Nbp",93,nytimes
0.0,0.0,1.0,0.0,Sun Jun 24 02:05:04 +0000 2018,"The giant sequoias of Yosemite, a ‚Äúforest masterpiece,‚Äù are open for visitors again after a renovation to add walki‚Ä¶ https://t.co/6G0a6KaLm7",94,nytimes
0.4019,0.0,0.876,0.124,Sun Jun 24 01:47:23 +0000 2018,"RT @patrickhealynyt: Add it up: These maps &amp; data points show Alabama‚Äôs constant determination to make voting harder for African-Americans,‚Ä¶",95,nytimes
-0.3612,0.111,0.889,0.0,Sun Jun 24 01:28:31 +0000 2018,RT @randyNYT: How New York Times editor ‚Å¶@apchavira‚Å© got the Mexican soccer team to fix spelling mistakes on their jerseys. https://t.co/hS‚Ä¶,96,nytimes
0.0772,0.221,0.534,0.244,Sun Jun 24 01:09:39 +0000 2018,Iraqi Political Alliance Unites a U.S. Friend and Foe https://t.co/BEJEUXqswH,97,nytimes
0.0,0.0,1.0,0.0,Sun Jun 24 01:02:43 +0000 2018,"RT @nytimesworld: ‚ÄúDuring the last few years, I discovered that I have rights that have been usurped for a very long time‚Äù https://t.co/t3q‚Ä¶",98,nytimes
0.25,0.117,0.721,0.162,Sun Jun 24 00:43:32 +0000 2018,The Koch brothers are waging a sophisticated fight against public transit initiatives across the U.S. And they are‚Ä¶ https://t.co/Uvk8ReTMlz,99,nytimes
